total apps: 6,,,,,,,,,,
Total number of requests: 143,,,,,,,,,,
Total number of GET requests: 127,,,,,,,,,,
Percentage of GET requests: 88.81118881118881%,,,,,,,,,,
Average number of requests per app: 23.833333333333332,,,,,,,,,,
Average number of GET requests per app: 21.166666666666668,,,,,,,,,,
Average number of expire requests: 39,,,,,,,,,,
Percentage of expire requests: 27.272727272727273%,,,,,,,,,,
Average number of expire requests per app: 6.5,,,,,,,,,,
Average data length per request: 150058.56164383562,,,,,,,,,,
Exceptions: 0,,,,,,,,,,
,,,,,,,,,,
prefix,id,body,stmt,urlString,isDoOutput,length,cacheControl,expires,age,setCookie,,,
"I/System.out(13901): URLConn","0","<com.netqin.android.nqhttp.NqHttp: void a(java.net.HttpURLConnection)>","$r7 = virtualinvoke $r1.<java.net.HttpURLConnection: java.io.InputStream getInputStream()>()","https://adplatform.nq.com/BOSS_CS_ADPlatform/adStrategy","true","298","Not found","Not found","Not found","Not found"
"I/System.out(13901): URLConn","1","<com.netqin.android.nqhttp.NqHttp: void a(java.net.HttpURLConnection)>","$r7 = virtualinvoke $r1.<java.net.HttpURLConnection: java.io.InputStream getInputStream()>()","http://api.tumblr.com/v2/blog/nqlab.tumblr.com/posts/text?api_key=fuiKNFp9vQFvjLNvx4sUwti4Yb5yGutBN4Xh10LXZhhRKjWlV4","false","Not found","Not found","Not found","0","Not found"
"I/System.out(13901): URLConn","2","<com.easyxapp.common.http.a: void a()>","$r28 = virtualinvoke $r2.<java.net.HttpURLConnection: java.io.InputStream getInputStream()>()","https://xp-krapp.easyxapp.com/BOSS_CS_KR_SDK/kr","true","130","no-cache","0","Not found","Not found"
"I/System.out(13901): URLConn","3","<com.easyxapp.common.http.a: void a()>","$r28 = virtualinvoke $r2.<java.net.HttpURLConnection: java.io.InputStream getInputStream()>()","https://xp-krapp.easyxapp.com/BOSS_CS_KR_SDK/check","true","124","no-cache","0","Not found","Not found"
"I/System.out(13901): URLConn","4","<com.netqin.android.nqhttp.NqHttp: void a(java.net.HttpURLConnection)>","$r7 = virtualinvoke $r1.<java.net.HttpURLConnection: java.io.InputStream getInputStream()>()","http://78.media.tumblr.com/4bc37636aa2b64bcf764e8cd6fd58237/tumblr_inline_ogtvtw0aeN1tvex1x_540.png","false","74106","max-age=1209600","Not found","676303","Not found"
"I/System.out(13901): URLConn","5","<com.easyxapp.common.http.a: void a()>","$r28 = virtualinvoke $r2.<java.net.HttpURLConnection: java.io.InputStream getInputStream()>()","https://xp-app.easyxapp.com/BOSS_CS_PP/product/native","true","240","Not found","Not found","Not found","Not found"
"I/System.out(13901): URLConn","6","<com.netqin.android.nqhttp.NqHttp: void a(java.net.HttpURLConnection)>","$r7 = virtualinvoke $r1.<java.net.HttpURLConnection: java.io.InputStream getInputStream()>()","http://78.media.tumblr.com/2829ecb9e780ab909cd1a20c35e89e05/tumblr_inline_obrxveDZqq1tvex1x_540.jpg","false","11389","max-age=1209600","Not found","794773","Not found"
"I/System.out(13901): URLConn","7","<com.netqin.android.nqhttp.NqHttp: void a(java.net.HttpURLConnection)>","$r7 = virtualinvoke $r1.<java.net.HttpURLConnection: java.io.InputStream getInputStream()>()","http://78.media.tumblr.com/1ae6fa4b3966a286026df98a7d2723a5/tumblr_inline_o5ti7m2FM91tvex1x_540.jpg","false","58570","max-age=1209600","Not found","1169479","Not found"
"I/System.out(13901): URLConn","8","<com.netqin.android.nqhttp.NqHttp: void a(java.net.HttpURLConnection)>","$r7 = virtualinvoke $r1.<java.net.HttpURLConnection: java.io.InputStream getInputStream()>()","http://78.media.tumblr.com/d931e7b38c82d9f1a2d683cf01b673c7/tumblr_inline_oet7yv3aip1tvex1x_540.png","false","332480","max-age=1209600","Not found","250806","Not found"
"I/System.out(13901): URLConn","9","<com.xinmei.adsdk.utils.f: java.lang.String a(java.lang.String,java.lang.String)>","$r9 = virtualinvoke $r6.<java.net.HttpURLConnection: java.io.InputStream getInputStream()>()","http://api.tinyhoneybee.com/api/getADConfig?app_key=4b8d31f9ff26d6c99280b64cc83237cb&duid=c8c6fa8a9459f60dffdff9a844090f5c&sdk_version=3.2&gaid=3ae8f2f4-1b58-4ed6-816b-3ee6c7e3745e&vs=c37914a4a7a8676cbcd34fb6700f718d","false","Not found","public, max-age=432000","Not found","Not found","Not found"
"I/System.out(13901): URLConn","10","<com.xinmei.adsdk.utils.f: int a(java.lang.String,java.lang.String,java.lang.String,byte[])>","$r13 = virtualinvoke $r10.<java.net.HttpURLConnection: java.io.InputStream getInputStream()>()","http://smart.tinyhoneybee.com/log/receive?type=admeta&duid=c8c6fa8a9459f60dffdff9a844090f5c","true","33","Not found","Not found","Not found","Not found"
"I/System.out(13901): URLConn","11","<com.netqin.android.nqhttp.NqHttp: void a(java.net.HttpURLConnection)>","$r7 = virtualinvoke $r1.<java.net.HttpURLConnection: java.io.InputStream getInputStream()>()","https://app-atf.nq.com/BOSS_CS_ATF/app.htm","true","304","Not found","Not found","Not found","JSESSIONID=14DCB4195F1179852B3506A2A9573555; Path=/BOSS_CS_ATF"
"I/System.out(13901): URLConn","12","<com.easyxapp.common.http.a: void a()>","$r28 = virtualinvoke $r2.<java.net.HttpURLConnection: java.io.InputStream getInputStream()>()","https://xp-krapp.easyxapp.com/BOSS_CS_KR_SDK/kr","true","130","no-cache","0","Not found","Not found"
"I/System.out(14127): URLConn","0","<com.facebook.GraphResponse: java.util.List fromHttpConnection(java.net.HttpURLConnection,com.facebook.GraphRequestBatch)>","$r3 = virtualinvoke $r0.<java.net.HttpURLConnection: java.io.InputStream getInputStream()>()","https://graph.facebook.com/v2.3/715467458566506?fields=supports_implicit_sdk_logging%2Cgdpv4_nux_content%2Cgdpv4_nux_enabled%2Candroid_dialog_configs%2Candroid_sdk_error_categories&format=json&sdk=android","false","Not found","private, no-cache, no-store, must-revalidate","Sat, 01 Jan 2000 00:00:00 GMT","Not found","Not found"
"I/System.out(14127): URLConn","1","<com.umeng.message.proguard.aj: byte[] a(int,java.lang.String,java.util.Map,boolean)>","$r23 = virtualinvoke $r5.<java.net.HttpURLConnection: java.io.InputStream getInputStream()>()","http://adash.m.taobao.com/rest/gc?ak=umeng%3A528dadae56240bb52900f0f3&av=1.4.4.0&c=android%40umeng&v=2.0&s=7413e0517d60f1d72963318ab045f028&d=WtERRbvPSaQDAJN2LHVbEFGW&sv=4.1.0&p=a&t=1523650885432&u=&dd=&nsgs=1","true","Not found","Not found","Not found","Not found","Not found"
"I/System.out(14127): URLConn","2","<com.facebook.GraphResponse: java.util.List fromHttpConnection(java.net.HttpURLConnection,com.facebook.GraphRequestBatch)>","$r3 = virtualinvoke $r0.<java.net.HttpURLConnection: java.io.InputStream getInputStream()>()","https://graph.facebook.com/v2.3/715467458566506/activities?format=json&sdk=android","true","16","private, no-cache, no-store, must-revalidate","Sat, 01 Jan 2000 00:00:00 GMT","Not found","Not found"
"I/System.out(14127): URLConn","3","<com.flurry.sdk.ku: void i()>","$r24 = virtualinvoke $r4.<java.net.HttpURLConnection: java.io.InputStream getInputStream()>()","https://data.flurry.com/aap.do","true","Not found","Not found","Not found","0","Not found"
"I/System.out(14127): URLConn","4","<com.mopub.volley.toolbox.HurlStack: org.apache.http.HttpEntity entityFromConnection(java.net.HttpURLConnection)>","$r1 = virtualinvoke $r0.<java.net.HttpURLConnection: java.io.InputStream getInputStream()>()","http://ads.mopub.com/m/ad?id=80ca1cf21fc94fb98600a8971d4fdf67&nsv=4.8.0&dn=samsung%2CSM-G955N%2CSM-G955N&bundle=emoji.keyboard.emoticonkeyboard&z=-0700&o=p&w=720&h=1280&sc_a=1.5&mcc=310&mnc=16&iso=US&cn=T-Mobile&ct=2&av=1.4.4.0&udid=ifa%3A3ae8f2f4-1b58-4ed6-816b-3ee6c7e3745e&dnt=0&MAGIC_NO=0","false","Not found","Not found","Not found","Not found","Not found"
"I/System.out(14127): URLConn","5","<com.facebook.ads.internal.h.b.h: void a(int)>","$r4 = virtualinvoke $r1.<java.net.HttpURLConnection: java.io.InputStream getInputStream()>()","http://127.0.0.1:46985/ping","false","Not found","Not found","Not found","Not found","Not found"
"I/System.out(14127): URLConn","6","<b.a.n: byte[] a(byte[],java.lang.String)>","$r13 = virtualinvoke $r10.<java.net.HttpURLConnection: java.io.InputStream getInputStream()>()","http://alog.umeng.com/app_logs","true","1162","Not found","Not found","Not found","Not found"
"I/System.out(14127): URLConn","7","<com.mopub.volley.toolbox.HurlStack: org.apache.http.HttpEntity entityFromConnection(java.net.HttpURLConnection)>","$r1 = virtualinvoke $r0.<java.net.HttpURLConnection: java.io.InputStream getInputStream()>()","http://ads.mopub.com/m/ad?MAGIC_NO=0&av=1.4.4.0&bundle=emoji.keyboard.emoticonkeyboard&cn=T-Mobile&cppck=5329C&ct=2&dn=samsung%2CSM-G955N%2CSM-G955N&dnt=0&exclude=b5d034869fa611e5beed002590f2bb78&h=1280&id=80ca1cf21fc94fb98600a8971d4fdf67&iso=US&mcc=310&mnc=16&nsv=4.8.0&o=p&request_id=f285f3d425bc4797a52feb5a1c1b819e&rtc=1&sc_a=1.5&udid=ifa%3A3ae8f2f4-1b58-4ed6-816b-3ee6c7e3745e&w=720&z=-0700","false","Not found","Not found","Not found","Not found","Not found"
"I/System.out(14127): URLConn","8","<com.mopub.volley.toolbox.HurlStack: org.apache.http.HttpEntity entityFromConnection(java.net.HttpURLConnection)>","$r1 = virtualinvoke $r0.<java.net.HttpURLConnection: java.io.InputStream getInputStream()>()","http://ads.mopub.com/m/ad?id=80ca1cf21fc94fb98600a8971d4fdf67&nsv=4.8.0&dn=samsung%2CSM-G955N%2CSM-G955N&bundle=emoji.keyboard.emoticonkeyboard&z=-0700&o=p&w=720&h=1280&sc_a=1.5&mcc=310&mnc=16&iso=US&cn=T-Mobile&ct=2&av=1.4.4.0&udid=ifa%3A3ae8f2f4-1b58-4ed6-816b-3ee6c7e3745e&dnt=0&MAGIC_NO=1","false","Not found","Not found","Not found","Not found","Not found"
"I/System.out(14332): URLConn","0","<com.facebook.GraphResponse: java.util.List fromHttpConnection(java.net.HttpURLConnection,com.facebook.GraphRequestBatch)>","$r3 = virtualinvoke $r0.<java.net.HttpURLConnection: java.io.InputStream getInputStream()>()","https://graph.facebook.com/v2.3/715467458566506?fields=supports_implicit_sdk_logging%2Cgdpv4_nux_content%2Cgdpv4_nux_enabled%2Candroid_dialog_configs%2Candroid_sdk_error_categories&format=json&sdk=android","false","Not found","private, no-cache, no-store, must-revalidate","Sat, 01 Jan 2000 00:00:00 GMT","Not found","Not found"
"I/System.out(14332): URLConn","1","<com.umeng.message.proguard.aj: byte[] a(int,java.lang.String,java.util.Map,boolean)>","$r23 = virtualinvoke $r5.<java.net.HttpURLConnection: java.io.InputStream getInputStream()>()","http://adash.m.taobao.com/rest/gc?ak=umeng%3A528dadae56240bb52900f0f3&av=1.4.4.0&c=android%40umeng&v=2.0&s=9debb998adfb0f008e9775e790b353ce&d=WtERRbvPSaQDAJN2LHVbEFGW&sv=4.1.0&p=a&t=1523650887013&u=&dd=&nsgs=1","true","Not found","Not found","Not found","Not found","Not found"
"I/System.out(14127): URLConn","9","<com.mopub.volley.toolbox.HurlStack: org.apache.http.HttpEntity entityFromConnection(java.net.HttpURLConnection)>","$r1 = virtualinvoke $r0.<java.net.HttpURLConnection: java.io.InputStream getInputStream()>()","http://ads.mopub.com/m/ad?MAGIC_NO=1&av=1.4.4.0&bundle=emoji.keyboard.emoticonkeyboard&cn=T-Mobile&cppck=271DE&ct=2&dn=samsung%2CSM-G955N%2CSM-G955N&dnt=0&exclude=b5d034869fa611e5beed002590f2bb78&h=1280&id=80ca1cf21fc94fb98600a8971d4fdf67&iso=US&mcc=310&mnc=16&nsv=4.8.0&o=p&request_id=e22f6e15ec074fb1a53cc1770dfec00d&rtc=1&sc_a=1.5&udid=ifa%3A3ae8f2f4-1b58-4ed6-816b-3ee6c7e3745e&w=720&z=-0700","false","Not found","Not found","Not found","Not found","Not found"
"I/System.out(14127): URLConn","10","<com.a.a.d.a.f: java.io.InputStream a(java.net.URL,int,java.net.URL,java.util.Map)>","$r16 = virtualinvoke $r4.<java.net.HttpURLConnection: java.io.InputStream getInputStream()>()","http://cdn.liftoff.io/customers/392/creatives/551-icon-80x80.png","false","3981","Not found","Not found","10269","Not found"
"I/System.out(14127): URLConn","11","<com.mopub.volley.toolbox.HurlStack: org.apache.http.HttpEntity entityFromConnection(java.net.HttpURLConnection)>","$r1 = virtualinvoke $r0.<java.net.HttpURLConnection: java.io.InputStream getInputStream()>()","http://ads.mopub.com/m/ad?id=80ca1cf21fc94fb98600a8971d4fdf67&nsv=4.8.0&dn=samsung%2CSM-G955N%2CSM-G955N&bundle=emoji.keyboard.emoticonkeyboard&z=-0700&o=p&w=720&h=1280&sc_a=1.5&mcc=310&mnc=16&iso=US&cn=T-Mobile&ct=2&av=1.4.4.0&udid=ifa%3A3ae8f2f4-1b58-4ed6-816b-3ee6c7e3745e&dnt=0&MAGIC_NO=2","false","Not found","Not found","Not found","Not found","Not found"
"I/System.out(14127): URLConn","12","<com.mopub.volley.toolbox.HurlStack: org.apache.http.HttpEntity entityFromConnection(java.net.HttpURLConnection)>","$r1 = virtualinvoke $r0.<java.net.HttpURLConnection: java.io.InputStream getInputStream()>()","http://ads.mopub.com/m/ad?id=80ca1cf21fc94fb98600a8971d4fdf67&nsv=4.8.0&dn=samsung%2CSM-G955N%2CSM-G955N&bundle=emoji.keyboard.emoticonkeyboard&z=-0700&o=p&w=720&h=1280&sc_a=1.5&mcc=310&mnc=16&iso=US&cn=T-Mobile&ct=2&av=1.4.4.0&udid=ifa%3A3ae8f2f4-1b58-4ed6-816b-3ee6c7e3745e&dnt=0&MAGIC_NO=0","false","Not found","Not found","Not found","Not found","Not found"
"I/System.out(14127): URLConn","13","<com.mopub.volley.toolbox.HurlStack: org.apache.http.HttpEntity entityFromConnection(java.net.HttpURLConnection)>","$r1 = virtualinvoke $r0.<java.net.HttpURLConnection: java.io.InputStream getInputStream()>()","http://ads.mopub.com/m/ad?v=6&id=44db9a3d22ee4d918e96a9509b5f7ac7&nv=4.8.0&dn=samsung%2CSM-G955N%2CSM-G955N&bundle=emoji.keyboard.emoticonkeyboard&z=-0700&o=p&w=720&h=1280&sc_a=1.5&mcc=310&mnc=16&iso=US&cn=T-Mobile&ct=2&av=1.4.4.0&udid=ifa%3A3ae8f2f4-1b58-4ed6-816b-3ee6c7e3745e&dnt=0&mr=1&android_perms_ext_storage=1","false","0","Not found","Not found","Not found","Not found"
"I/System.out(14127): URLConn","14","<com.mopub.volley.toolbox.HurlStack: org.apache.http.HttpEntity entityFromConnection(java.net.HttpURLConnection)>","$r1 = virtualinvoke $r0.<java.net.HttpURLConnection: java.io.InputStream getInputStream()>()","http://ads.mopub.com/m/pos?id=81e5ff3e9e02473cba2e9c6749d24b0d&v=1&nsv=4.8.0&dn=samsung%2CSM-G955N%2CSM-G955N&av=1.4.4.0&udid=ifa%3A3ae8f2f4-1b58-4ed6-816b-3ee6c7e3745e&dnt=0","false","Not found","no-cache","Not found","Not found","Not found"
"I/System.out(14127): URLConn","15","<com.mopub.volley.toolbox.HurlStack: org.apache.http.HttpEntity entityFromConnection(java.net.HttpURLConnection)>","$r1 = virtualinvoke $r0.<java.net.HttpURLConnection: java.io.InputStream getInputStream()>()","http://ads.mopub.com/m/ad?id=80ca1cf21fc94fb98600a8971d4fdf67&nsv=4.8.0&dn=samsung%2CSM-G955N%2CSM-G955N&bundle=emoji.keyboard.emoticonkeyboard&z=-0700&o=p&w=720&h=1280&sc_a=1.5&mcc=310&mnc=16&iso=US&cn=T-Mobile&ct=2&av=1.4.4.0&udid=ifa%3A3ae8f2f4-1b58-4ed6-816b-3ee6c7e3745e&dnt=0&MAGIC_NO=0","false","Not found","Not found","Not found","Not found","Not found"
"I/System.out(14127): URLConn","16","<com.mopub.volley.toolbox.HurlStack: org.apache.http.HttpEntity entityFromConnection(java.net.HttpURLConnection)>","$r1 = virtualinvoke $r0.<java.net.HttpURLConnection: java.io.InputStream getInputStream()>()","http://ads.mopub.com/m/pos?id=81e5ff3e9e02473cba2e9c6749d24b0d&v=1&nsv=4.8.0&dn=samsung%2CSM-G955N%2CSM-G955N&av=1.4.4.0&udid=ifa%3A3ae8f2f4-1b58-4ed6-816b-3ee6c7e3745e&dnt=0","false","Not found","no-cache","Not found","Not found","Not found"
"I/System.out(14127): URLConn","17","<com.mopub.volley.toolbox.HurlStack: org.apache.http.HttpEntity entityFromConnection(java.net.HttpURLConnection)>","$r1 = virtualinvoke $r0.<java.net.HttpURLConnection: java.io.InputStream getInputStream()>()","http://ads.mopub.com/m/ad?id=81e5ff3e9e02473cba2e9c6749d24b0d&nsv=4.8.0&dn=samsung%2CSM-G955N%2CSM-G955N&bundle=emoji.keyboard.emoticonkeyboard&z=-0700&o=p&w=720&h=1280&sc_a=1.5&mcc=310&mnc=16&iso=US&cn=T-Mobile&ct=2&av=1.4.4.0&udid=ifa%3A3ae8f2f4-1b58-4ed6-816b-3ee6c7e3745e&dnt=0&MAGIC_NO=0","false","Not found","Not found","Not found","Not found","Not found"
"I/System.out(14127): URLConn","18","<com.mopub.volley.toolbox.HurlStack: org.apache.http.HttpEntity entityFromConnection(java.net.HttpURLConnection)>","$r1 = virtualinvoke $r0.<java.net.HttpURLConnection: java.io.InputStream getInputStream()>()","http://ads.mopub.com/m/ad?id=80ca1cf21fc94fb98600a8971d4fdf67&nsv=4.8.0&dn=samsung%2CSM-G955N%2CSM-G955N&bundle=emoji.keyboard.emoticonkeyboard&z=-0700&o=p&w=720&h=1280&sc_a=1.5&mcc=310&mnc=16&iso=US&cn=T-Mobile&ct=2&av=1.4.4.0&udid=ifa%3A3ae8f2f4-1b58-4ed6-816b-3ee6c7e3745e&dnt=0&MAGIC_NO=0","false","Not found","Not found","Not found","Not found","Not found"
"I/System.out(14127): URLConn","19","<com.mopub.volley.toolbox.HurlStack: org.apache.http.HttpEntity entityFromConnection(java.net.HttpURLConnection)>","$r1 = virtualinvoke $r0.<java.net.HttpURLConnection: java.io.InputStream getInputStream()>()","http://ads.mopub.com/m/ad?id=81e5ff3e9e02473cba2e9c6749d24b0d&nsv=4.8.0&dn=samsung%2CSM-G955N%2CSM-G955N&bundle=emoji.keyboard.emoticonkeyboard&z=-0700&o=p&w=720&h=1280&sc_a=1.5&mcc=310&mnc=16&iso=US&cn=T-Mobile&ct=2&av=1.4.4.0&udid=ifa%3A3ae8f2f4-1b58-4ed6-816b-3ee6c7e3745e&dnt=0&MAGIC_NO=0","false","Not found","Not found","Not found","Not found","Not found"
"I/System.out(14127): URLConn","20","<com.mopub.volley.toolbox.HurlStack: org.apache.http.HttpEntity entityFromConnection(java.net.HttpURLConnection)>","$r1 = virtualinvoke $r0.<java.net.HttpURLConnection: java.io.InputStream getInputStream()>()","http://ads.mopub.com/m/ad?id=80ca1cf21fc94fb98600a8971d4fdf67&nsv=4.8.0&dn=samsung%2CSM-G955N%2CSM-G955N&bundle=emoji.keyboard.emoticonkeyboard&z=-0700&o=p&w=720&h=1280&sc_a=1.5&mcc=310&mnc=16&iso=US&cn=T-Mobile&ct=2&av=1.4.4.0&udid=ifa%3A3ae8f2f4-1b58-4ed6-816b-3ee6c7e3745e&dnt=0&MAGIC_NO=0","false","Not found","Not found","Not found","Not found","Not found"
"I/System.out(14127): URLConn","21","<com.mopub.volley.toolbox.HurlStack: org.apache.http.HttpEntity entityFromConnection(java.net.HttpURLConnection)>","$r1 = virtualinvoke $r0.<java.net.HttpURLConnection: java.io.InputStream getInputStream()>()","http://ads.mopub.com/m/ad?MAGIC_NO=0&av=1.4.4.0&bundle=emoji.keyboard.emoticonkeyboard&cn=T-Mobile&cppck=19F49&ct=2&dn=samsung%2CSM-G955N%2CSM-G955N&dnt=0&exclude=a699e88c8aab11e5a192002590f3db4c&h=1280&id=81e5ff3e9e02473cba2e9c6749d24b0d&iso=US&mcc=310&mnc=16&nsv=4.8.0&o=p&request_id=99a21dcd89f14d8097fd35facd674001&rtc=1&sc_a=1.5&udid=ifa%3A3ae8f2f4-1b58-4ed6-816b-3ee6c7e3745e&w=720&z=-0700","false","Not found","Not found","Not found","Not found","Not found"
"I/System.out(14127): URLConn","22","<com.mopub.volley.toolbox.HurlStack: org.apache.http.HttpEntity entityFromConnection(java.net.HttpURLConnection)>","$r1 = virtualinvoke $r0.<java.net.HttpURLConnection: java.io.InputStream getInputStream()>()","http://cdn.liftoff.io/customers/392/images/003195c1ed.jpg","false","115876","Not found","Not found","39581","Not found"
"I/System.out(14127): URLConn","23","<com.mopub.volley.toolbox.HurlStack: org.apache.http.HttpEntity entityFromConnection(java.net.HttpURLConnection)>","$r1 = virtualinvoke $r0.<java.net.HttpURLConnection: java.io.InputStream getInputStream()>()","http://cdn.liftoff.io/customers/392/creatives/551-icon-80x80.png","false","3981","Not found","Not found","39406","Not found"
"I/System.out(14127): URLConn","24","<com.mopub.volley.toolbox.HurlStack: org.apache.http.HttpEntity entityFromConnection(java.net.HttpURLConnection)>","$r1 = virtualinvoke $r0.<java.net.HttpURLConnection: java.io.InputStream getInputStream()>()","http://ads.mopub.com/m/ad?MAGIC_NO=0&av=1.4.4.0&bundle=emoji.keyboard.emoticonkeyboard&cn=T-Mobile&cppck=72DD8&ct=2&dn=samsung%2CSM-G955N%2CSM-G955N&dnt=0&exclude=a699e88c8aab11e5a192002590f3db4c&h=1280&id=81e5ff3e9e02473cba2e9c6749d24b0d&iso=US&mcc=310&mnc=16&nsv=4.8.0&o=p&request_id=e5430bdb606f4b1dab97e61b8ec00037&rtc=1&sc_a=1.5&udid=ifa%3A3ae8f2f4-1b58-4ed6-816b-3ee6c7e3745e&w=720&z=-0700","false","Not found","Not found","Not found","Not found","Not found"
"I/System.out(14127): URLConn","25","<com.mopub.volley.toolbox.HurlStack: org.apache.http.HttpEntity entityFromConnection(java.net.HttpURLConnection)>","$r1 = virtualinvoke $r0.<java.net.HttpURLConnection: java.io.InputStream getInputStream()>()","http://ads.mopub.com/m/ad?id=80ca1cf21fc94fb98600a8971d4fdf67&nsv=4.8.0&dn=samsung%2CSM-G955N%2CSM-G955N&bundle=emoji.keyboard.emoticonkeyboard&z=-0700&o=p&w=720&h=1280&sc_a=1.5&mcc=310&mnc=16&iso=US&cn=T-Mobile&ct=2&av=1.4.4.0&udid=ifa%3A3ae8f2f4-1b58-4ed6-816b-3ee6c7e3745e&dnt=0&MAGIC_NO=0","false","Not found","Not found","Not found","Not found","Not found"
"I/System.out(14127): URLConn","26","<com.mopub.volley.toolbox.HurlStack: org.apache.http.HttpEntity entityFromConnection(java.net.HttpURLConnection)>","$r1 = virtualinvoke $r0.<java.net.HttpURLConnection: java.io.InputStream getInputStream()>()","http://ads.mopub.com/m/pos?id=81e5ff3e9e02473cba2e9c6749d24b0d&v=1&nsv=4.8.0&dn=samsung%2CSM-G955N%2CSM-G955N&av=1.4.4.0&udid=ifa%3A3ae8f2f4-1b58-4ed6-816b-3ee6c7e3745e&dnt=0","false","Not found","no-cache","Not found","Not found","Not found"
"I/System.out(14127): URLConn","27","<com.mopub.volley.toolbox.HurlStack: org.apache.http.HttpEntity entityFromConnection(java.net.HttpURLConnection)>","$r1 = virtualinvoke $r0.<java.net.HttpURLConnection: java.io.InputStream getInputStream()>()","http://ads.mopub.com/m/ad?id=81e5ff3e9e02473cba2e9c6749d24b0d&nsv=4.8.0&dn=samsung%2CSM-G955N%2CSM-G955N&bundle=emoji.keyboard.emoticonkeyboard&z=-0700&o=p&w=720&h=1280&sc_a=1.5&mcc=310&mnc=16&iso=US&cn=T-Mobile&ct=2&av=1.4.4.0&udid=ifa%3A3ae8f2f4-1b58-4ed6-816b-3ee6c7e3745e&dnt=0&MAGIC_NO=0","false","Not found","Not found","Not found","Not found","Not found"
"I/System.out(14127): URLConn","28","<com.mopub.volley.toolbox.HurlStack: org.apache.http.HttpEntity entityFromConnection(java.net.HttpURLConnection)>","$r1 = virtualinvoke $r0.<java.net.HttpURLConnection: java.io.InputStream getInputStream()>()","http://ads.mopub.com/m/ad?MAGIC_NO=0&av=1.4.4.0&bundle=emoji.keyboard.emoticonkeyboard&cn=T-Mobile&cppck=90551&ct=2&dn=samsung%2CSM-G955N%2CSM-G955N&dnt=0&exclude=b5d034869fa611e5beed002590f2bb78&h=1280&id=80ca1cf21fc94fb98600a8971d4fdf67&iso=US&mcc=310&mnc=16&nsv=4.8.0&o=p&request_id=46bf34cd8e944cf7854a0254446d6e04&rtc=1&sc_a=1.5&udid=ifa%3A3ae8f2f4-1b58-4ed6-816b-3ee6c7e3745e&w=720&z=-0700","false","Not found","Not found","Not found","Not found","Not found"
"I/System.out(14127): URLConn","29","<com.mopub.volley.toolbox.HurlStack: org.apache.http.HttpEntity entityFromConnection(java.net.HttpURLConnection)>","$r1 = virtualinvoke $r0.<java.net.HttpURLConnection: java.io.InputStream getInputStream()>()","http://ads.mopub.com/m/pos?id=81e5ff3e9e02473cba2e9c6749d24b0d&v=1&nsv=4.8.0&dn=samsung%2CSM-G955N%2CSM-G955N&av=1.4.4.0&udid=ifa%3A3ae8f2f4-1b58-4ed6-816b-3ee6c7e3745e&dnt=0","false","Not found","no-cache","Not found","Not found","Not found"
"I/System.out(14127): URLConn","30","<com.mopub.volley.toolbox.HurlStack: org.apache.http.HttpEntity entityFromConnection(java.net.HttpURLConnection)>","$r1 = virtualinvoke $r0.<java.net.HttpURLConnection: java.io.InputStream getInputStream()>()","http://ads.mopub.com/m/ad?id=81e5ff3e9e02473cba2e9c6749d24b0d&nsv=4.8.0&dn=samsung%2CSM-G955N%2CSM-G955N&bundle=emoji.keyboard.emoticonkeyboard&z=-0700&o=p&w=720&h=1280&sc_a=1.5&mcc=310&mnc=16&iso=US&cn=T-Mobile&ct=2&av=1.4.4.0&udid=ifa%3A3ae8f2f4-1b58-4ed6-816b-3ee6c7e3745e&dnt=0&MAGIC_NO=0","false","Not found","Not found","Not found","Not found","Not found"
"I/System.out(14127): URLConn","31","<com.facebook.imagepipeline.producers.HttpUrlConnectionNetworkFetcher$1: void run()>","$r8 = virtualinvoke $r7.<java.net.HttpURLConnection: java.io.InputStream getInputStream()>()","https://lh3.googleusercontent.com/o1OMPAIVdwNulYWQW2FVUHqCO4UyjHtrfSjcd7aJscsXFM1vFoqxhc6Wq64zcxPAhFZR=h900","false","186176","public, max-age=86400, no-transform","Fri, 02 Feb 2018 22:14:14 GMT","1124","Not found"
"I/System.out(14127): URLConn","32","<com.facebook.imagepipeline.producers.HttpUrlConnectionNetworkFetcher$1: void run()>","$r8 = virtualinvoke $r7.<java.net.HttpURLConnection: java.io.InputStream getInputStream()>()","https://lh3.googleusercontent.com/uU-aEQzCYnSawXrs7q_twOYqcjDdEWNM9ezjBE2atJd47GOm3zxjovbY6wj1ZGRatD4=h900","false","83830","public, max-age=86400, no-transform","Fri, 02 Feb 2018 23:19:46 GMT","1659","Not found"
"I/System.out(14127): URLConn","33","<com.facebook.imagepipeline.producers.HttpUrlConnectionNetworkFetcher$1: void run()>","$r8 = virtualinvoke $r7.<java.net.HttpURLConnection: java.io.InputStream getInputStream()>()","https://lh3.googleusercontent.com/o1OMPAIVdwNulYWQW2FVUHqCO4UyjHtrfSjcd7aJscsXFM1vFoqxhc6Wq64zcxPAhFZR=h900","false","186176","public, max-age=86400, no-transform","Fri, 02 Feb 2018 22:14:14 GMT","1124","Not found"
"I/System.out(14127): URLConn","34","<com.facebook.imagepipeline.producers.HttpUrlConnectionNetworkFetcher$1: void run()>","$r8 = virtualinvoke $r7.<java.net.HttpURLConnection: java.io.InputStream getInputStream()>()","https://lh3.googleusercontent.com/o1OMPAIVdwNulYWQW2FVUHqCO4UyjHtrfSjcd7aJscsXFM1vFoqxhc6Wq64zcxPAhFZR=h900","false","186176","public, max-age=86400, no-transform","Fri, 02 Feb 2018 22:14:14 GMT","1124","Not found"
"I/System.out(14127): URLConn","35","<com.mopub.volley.toolbox.HurlStack: org.apache.http.HttpEntity entityFromConnection(java.net.HttpURLConnection)>","$r1 = virtualinvoke $r0.<java.net.HttpURLConnection: java.io.InputStream getInputStream()>()","http://ads.mopub.com/m/pos?id=81e5ff3e9e02473cba2e9c6749d24b0d&v=1&nsv=4.8.0&dn=samsung%2CSM-G955N%2CSM-G955N&av=1.4.4.0&udid=ifa%3A3ae8f2f4-1b58-4ed6-816b-3ee6c7e3745e&dnt=0","false","Not found","no-cache","Not found","Not found","Not found"
"I/System.out(14127): URLConn","36","<com.facebook.imagepipeline.producers.HttpUrlConnectionNetworkFetcher$1: void run()>","$r8 = virtualinvoke $r7.<java.net.HttpURLConnection: java.io.InputStream getInputStream()>()","http://www.phoneonlineupdate.com:7080/online_themes/xn/US-com.kkkeyboard.emoji.keyboard.theme.Gold-theme-icon.png?id=574","false","268418","Not found","Not found","Not found","Not found"
"I/System.out(14127): URLConn","37","<com.facebook.imagepipeline.producers.HttpUrlConnectionNetworkFetcher$1: void run()>","$r8 = virtualinvoke $r7.<java.net.HttpURLConnection: java.io.InputStream getInputStream()>()","http://www.phoneonlineupdate.com:7080/online_themes/xn/US-com.kkkeyboard.emoji.keyboard.theme.Gold-theme-icon.png?id=574","false","268418","Not found","Not found","Not found","Not found"
"I/System.out(14127): URLConn","38","<com.facebook.imagepipeline.producers.HttpUrlConnectionNetworkFetcher$1: void run()>","$r8 = virtualinvoke $r7.<java.net.HttpURLConnection: java.io.InputStream getInputStream()>()","http://www.phoneonlineupdate.com:7080/online_themes/xn/US-com.kkkeyboard.emoji.keyboard.theme.Gold-theme-icon.png?id=574","false","268418","Not found","Not found","Not found","Not found"
"I/System.out(14127): URLConn","39","<com.mopub.volley.toolbox.HurlStack: org.apache.http.HttpEntity entityFromConnection(java.net.HttpURLConnection)>","$r1 = virtualinvoke $r0.<java.net.HttpURLConnection: java.io.InputStream getInputStream()>()","http://ads.mopub.com/m/ad?id=81e5ff3e9e02473cba2e9c6749d24b0d&nsv=4.8.0&dn=samsung%2CSM-G955N%2CSM-G955N&bundle=emoji.keyboard.emoticonkeyboard&z=-0700&o=p&w=720&h=1280&sc_a=1.5&mcc=310&mnc=16&iso=US&cn=T-Mobile&ct=2&av=1.4.4.0&udid=ifa%3A3ae8f2f4-1b58-4ed6-816b-3ee6c7e3745e&dnt=0&MAGIC_NO=0","false","Not found","Not found","Not found","Not found","Not found"
"I/System.out(14127): URLConn","40","<com.mopub.volley.toolbox.HurlStack: org.apache.http.HttpEntity entityFromConnection(java.net.HttpURLConnection)>","$r1 = virtualinvoke $r0.<java.net.HttpURLConnection: java.io.InputStream getInputStream()>()","http://ads.mopub.com/m/pos?id=81e5ff3e9e02473cba2e9c6749d24b0d&v=1&nsv=4.8.0&dn=samsung%2CSM-G955N%2CSM-G955N&av=1.4.4.0&udid=ifa%3A3ae8f2f4-1b58-4ed6-816b-3ee6c7e3745e&dnt=0","false","Not found","no-cache","Not found","Not found","Not found"
"I/System.out(14127): URLConn","41","<com.mopub.volley.toolbox.HurlStack: org.apache.http.HttpEntity entityFromConnection(java.net.HttpURLConnection)>","$r1 = virtualinvoke $r0.<java.net.HttpURLConnection: java.io.InputStream getInputStream()>()","http://ads.mopub.com/m/ad?id=81e5ff3e9e02473cba2e9c6749d24b0d&nsv=4.8.0&dn=samsung%2CSM-G955N%2CSM-G955N&bundle=emoji.keyboard.emoticonkeyboard&z=-0700&o=p&w=720&h=1280&sc_a=1.5&mcc=310&mnc=16&iso=US&cn=T-Mobile&ct=2&av=1.4.4.0&udid=ifa%3A3ae8f2f4-1b58-4ed6-816b-3ee6c7e3745e&dnt=0&MAGIC_NO=0","false","Not found","Not found","Not found","Not found","Not found"
"I/System.out(14127): URLConn","42","<com.mopub.volley.toolbox.HurlStack: org.apache.http.HttpEntity entityFromConnection(java.net.HttpURLConnection)>","$r1 = virtualinvoke $r0.<java.net.HttpURLConnection: java.io.InputStream getInputStream()>()","http://ads.mopub.com/m/ad?id=80ca1cf21fc94fb98600a8971d4fdf67&nsv=4.8.0&dn=samsung%2CSM-G955N%2CSM-G955N&bundle=emoji.keyboard.emoticonkeyboard&z=-0700&o=p&w=720&h=1280&sc_a=1.5&mcc=310&mnc=16&iso=US&cn=T-Mobile&ct=2&av=1.4.4.0&udid=ifa%3A3ae8f2f4-1b58-4ed6-816b-3ee6c7e3745e&dnt=0&MAGIC_NO=0","false","Not found","Not found","Not found","Not found","Not found"
"I/System.out(14127): URLConn","43","<com.umeng.message.proguard.aj: byte[] a(int,java.lang.String,java.util.Map,boolean)>","$r23 = virtualinvoke $r5.<java.net.HttpURLConnection: java.io.InputStream getInputStream()>()","http://adash.m.taobao.com/rest/sur?ak=umeng%3A528dadae56240bb52900f0f3&av=1.4.4.0&c=android%40umeng&v=2.0&s=500f7b7ee2147f3a8986503a0cb49bdc&d=WtERRbvPSaQDAJN2LHVbEFGW&sv=4.1.0&p=a&t=1523650890476&u=&nsgs=1","true","Not found","Not found","Not found","Not found","Not found"
"I/System.out(14127): URLConn","44","<com.umeng.message.proguard.aj: byte[] a(int,java.lang.String,java.util.Map,boolean)>","$r23 = virtualinvoke $r5.<java.net.HttpURLConnection: java.io.InputStream getInputStream()>()","http://adash.m.taobao.com/rest/sur?ak=umeng%3A528dadae56240bb52900f0f3&av=1.4.4.0&c=android%40umeng&v=2.0&s=191ed8f2f81e7bb7bc89aa7fb0cf8cf3&d=WtERRbvPSaQDAJN2LHVbEFGW&sv=4.1.0&p=a&t=1523650890540&u=&nsgs=1","true","Not found","Not found","Not found","Not found","Not found"
"I/System.out(14127): URLConn","45","<com.umeng.message.proguard.aj: byte[] a(int,java.lang.String,java.util.Map,boolean)>","$r23 = virtualinvoke $r5.<java.net.HttpURLConnection: java.io.InputStream getInputStream()>()","http://adash.m.taobao.com/rest/sur?ak=umeng%3A528dadae56240bb52900f0f3&av=1.4.4.0&c=android%40umeng&v=2.0&s=82fb83cb97be68211b60b597c42e9a6b&d=WtERRbvPSaQDAJN2LHVbEFGW&sv=4.1.0&p=a&t=1523650890608&u=&nsgs=1","true","Not found","Not found","Not found","Not found","Not found"
"I/System.out(14127): URLConn","46","<com.mopub.volley.toolbox.HurlStack: org.apache.http.HttpEntity entityFromConnection(java.net.HttpURLConnection)>","$r1 = virtualinvoke $r0.<java.net.HttpURLConnection: java.io.InputStream getInputStream()>()","http://ads.mopub.com/m/pos?id=81e5ff3e9e02473cba2e9c6749d24b0d&v=1&nsv=4.8.0&dn=samsung%2CSM-G955N%2CSM-G955N&av=1.4.4.0&udid=ifa%3A3ae8f2f4-1b58-4ed6-816b-3ee6c7e3745e&dnt=0","false","Not found","no-cache","Not found","Not found","Not found"
"I/System.out(14127): URLConn","47","<com.mopub.volley.toolbox.HurlStack: org.apache.http.HttpEntity entityFromConnection(java.net.HttpURLConnection)>","$r1 = virtualinvoke $r0.<java.net.HttpURLConnection: java.io.InputStream getInputStream()>()","http://ads.mopub.com/m/ad?id=81e5ff3e9e02473cba2e9c6749d24b0d&nsv=4.8.0&dn=samsung%2CSM-G955N%2CSM-G955N&bundle=emoji.keyboard.emoticonkeyboard&z=-0700&o=p&w=720&h=1280&sc_a=1.5&mcc=310&mnc=16&iso=US&cn=T-Mobile&ct=2&av=1.4.4.0&udid=ifa%3A3ae8f2f4-1b58-4ed6-816b-3ee6c7e3745e&dnt=0&MAGIC_NO=0","false","Not found","Not found","Not found","Not found","Not found"
"I/System.out(14127): URLConn","48","<com.mopub.volley.toolbox.HurlStack: org.apache.http.HttpEntity entityFromConnection(java.net.HttpURLConnection)>","$r1 = virtualinvoke $r0.<java.net.HttpURLConnection: java.io.InputStream getInputStream()>()","http://ads.mopub.com/m/ad?id=80ca1cf21fc94fb98600a8971d4fdf67&nsv=4.8.0&dn=samsung%2CSM-G955N%2CSM-G955N&bundle=emoji.keyboard.emoticonkeyboard&z=-0700&o=p&w=720&h=1280&sc_a=1.5&mcc=310&mnc=16&iso=US&cn=T-Mobile&ct=2&av=1.4.4.0&udid=ifa%3A3ae8f2f4-1b58-4ed6-816b-3ee6c7e3745e&dnt=0&MAGIC_NO=0","false","Not found","Not found","Not found","Not found","Not found"
"I/System.out(14127): URLConn","49","<com.mopub.volley.toolbox.HurlStack: org.apache.http.HttpEntity entityFromConnection(java.net.HttpURLConnection)>","$r1 = virtualinvoke $r0.<java.net.HttpURLConnection: java.io.InputStream getInputStream()>()","http://ads.mopub.com/m/ad?id=81e5ff3e9e02473cba2e9c6749d24b0d&nsv=4.8.0&dn=samsung%2CSM-G955N%2CSM-G955N&bundle=emoji.keyboard.emoticonkeyboard&z=-0700&o=p&w=720&h=1280&sc_a=1.5&mcc=310&mnc=16&iso=US&cn=T-Mobile&ct=2&av=1.4.4.0&udid=ifa%3A3ae8f2f4-1b58-4ed6-816b-3ee6c7e3745e&dnt=0&MAGIC_NO=0","false","Not found","Not found","Not found","Not found","Not found"
"I/System.out(14127): URLConn","50","<com.mopub.volley.toolbox.HurlStack: org.apache.http.HttpEntity entityFromConnection(java.net.HttpURLConnection)>","$r1 = virtualinvoke $r0.<java.net.HttpURLConnection: java.io.InputStream getInputStream()>()","http://ads.mopub.com/m/ad?MAGIC_NO=0&av=1.4.4.0&bundle=emoji.keyboard.emoticonkeyboard&cn=T-Mobile&cppck=4DAFC&ct=2&dn=samsung%2CSM-G955N%2CSM-G955N&dnt=0&exclude=a699e88c8aab11e5a192002590f3db4c&h=1280&id=81e5ff3e9e02473cba2e9c6749d24b0d&iso=US&mcc=310&mnc=16&nsv=4.8.0&o=p&request_id=bdea0f0c090341189a08f3d82d730daf&rtc=1&sc_a=1.5&udid=ifa%3A3ae8f2f4-1b58-4ed6-816b-3ee6c7e3745e&w=720&z=-0700","false","Not found","Not found","Not found","Not found","Not found"
"I/System.out(14127): URLConn","51","<com.mopub.volley.toolbox.HurlStack: org.apache.http.HttpEntity entityFromConnection(java.net.HttpURLConnection)>","$r1 = virtualinvoke $r0.<java.net.HttpURLConnection: java.io.InputStream getInputStream()>()","http://ads.mopub.com/m/ad?MAGIC_NO=0&av=1.4.4.0&bundle=emoji.keyboard.emoticonkeyboard&cn=T-Mobile&cppck=4A328&ct=2&dn=samsung%2CSM-G955N%2CSM-G955N&dnt=0&exclude=a699e88c8aab11e5a192002590f3db4c&h=1280&id=81e5ff3e9e02473cba2e9c6749d24b0d&iso=US&mcc=310&mnc=16&nsv=4.8.0&o=p&request_id=5bd668ce6b7e4d1eaedf59ccbd698fd8&rtc=1&sc_a=1.5&udid=ifa%3A3ae8f2f4-1b58-4ed6-816b-3ee6c7e3745e&w=720&z=-0700","false","Not found","Not found","Not found","Not found","Not found"
"I/System.out(14127): URLConn","52","<com.facebook.imagepipeline.producers.HttpUrlConnectionNetworkFetcher$1: void run()>","$r8 = virtualinvoke $r7.<java.net.HttpURLConnection: java.io.InputStream getInputStream()>()","https://lh3.googleusercontent.com/p7GYfV3B5avx5rJAC7E2YWgcPdi1t8f_YwkXi3tvIrNyKfBcAy8_-Vsx1qetjJBHE1j8=h900","false","381580","public, max-age=86400, no-transform","Sat, 17 Mar 2018 02:27:33 GMT","1277","Not found"
"I/System.out(14127): URLConn","53","<com.mopub.volley.toolbox.HurlStack: org.apache.http.HttpEntity entityFromConnection(java.net.HttpURLConnection)>","$r1 = virtualinvoke $r0.<java.net.HttpURLConnection: java.io.InputStream getInputStream()>()","http://ads.mopub.com/m/ad?id=80ca1cf21fc94fb98600a8971d4fdf67&nsv=4.8.0&dn=samsung%2CSM-G955N%2CSM-G955N&bundle=emoji.keyboard.emoticonkeyboard&z=-0700&o=p&w=720&h=1280&sc_a=1.5&mcc=310&mnc=16&iso=US&cn=T-Mobile&ct=2&av=1.4.4.0&udid=ifa%3A3ae8f2f4-1b58-4ed6-816b-3ee6c7e3745e&dnt=0&MAGIC_NO=0","false","Not found","Not found","Not found","Not found","Not found"
"I/System.out(14127): URLConn","54","<com.facebook.imagepipeline.producers.HttpUrlConnectionNetworkFetcher$1: void run()>","$r8 = virtualinvoke $r7.<java.net.HttpURLConnection: java.io.InputStream getInputStream()>()","https://lh3.googleusercontent.com/uU-aEQzCYnSawXrs7q_twOYqcjDdEWNM9ezjBE2atJd47GOm3zxjovbY6wj1ZGRatD4=h900","false","83830","public, max-age=86400, no-transform","Fri, 02 Feb 2018 23:19:46 GMT","1661","Not found"
"I/System.out(14127): URLConn","55","<com.mopub.volley.toolbox.HurlStack: org.apache.http.HttpEntity entityFromConnection(java.net.HttpURLConnection)>","$r1 = virtualinvoke $r0.<java.net.HttpURLConnection: java.io.InputStream getInputStream()>()","http://ads.mopub.com/m/ad?MAGIC_NO=0&av=1.4.4.0&bundle=emoji.keyboard.emoticonkeyboard&cn=T-Mobile&cppck=29316&ct=2&dn=samsung%2CSM-G955N%2CSM-G955N&dnt=0&exclude=a699e88c8aab11e5a192002590f3db4c&h=1280&id=81e5ff3e9e02473cba2e9c6749d24b0d&iso=US&mcc=310&mnc=16&nsv=4.8.0&o=p&request_id=f6bd3605f9b14a62ab8ccd5302dc8ac1&rtc=1&sc_a=1.5&udid=ifa%3A3ae8f2f4-1b58-4ed6-816b-3ee6c7e3745e&w=720&z=-0700","false","Not found","Not found","Not found","Not found","Not found"
"I/System.out(14127): URLConn","56","<com.facebook.imagepipeline.producers.HttpUrlConnectionNetworkFetcher$1: void run()>","$r8 = virtualinvoke $r7.<java.net.HttpURLConnection: java.io.InputStream getInputStream()>()","http://www.phoneonlineupdate.com:7080/online_themes/xn/US-com.kkkeyboard.emoji.keyboard.theme.Gold-theme-icon.png?id=574","false","268418","Not found","Not found","Not found","Not found"
"I/System.out(14127): URLConn","57","<com.mopub.volley.toolbox.HurlStack: org.apache.http.HttpEntity entityFromConnection(java.net.HttpURLConnection)>","$r1 = virtualinvoke $r0.<java.net.HttpURLConnection: java.io.InputStream getInputStream()>()","http://ads.mopub.com/m/ad?MAGIC_NO=0&av=1.4.4.0&bundle=emoji.keyboard.emoticonkeyboard&cn=T-Mobile&cppck=C67AD&ct=2&dn=samsung%2CSM-G955N%2CSM-G955N&dnt=0&exclude=a699e88c8aab11e5a192002590f3db4c&h=1280&id=81e5ff3e9e02473cba2e9c6749d24b0d&iso=US&mcc=310&mnc=16&nsv=4.8.0&o=p&request_id=7c7318feceb24e58a2e0e1744cea9374&rtc=1&sc_a=1.5&udid=ifa%3A3ae8f2f4-1b58-4ed6-816b-3ee6c7e3745e&w=720&z=-0700","false","Not found","Not found","Not found","Not found","Not found"
"I/System.out(14127): URLConn","58","<com.facebook.imagepipeline.producers.HttpUrlConnectionNetworkFetcher$1: void run()>","$r8 = virtualinvoke $r7.<java.net.HttpURLConnection: java.io.InputStream getInputStream()>()","http://www.phoneonlineupdate.com:7080/online_themes/xn/US-com.kkkeyboard.emoji.keyboard.theme.SuperColor-theme-icon.png?id=371","false","90648","Not found","Not found","Not found","Not found"
"I/System.out(14127): URLConn","59","<com.facebook.imagepipeline.producers.HttpUrlConnectionNetworkFetcher$1: void run()>","$r8 = virtualinvoke $r7.<java.net.HttpURLConnection: java.io.InputStream getInputStream()>()","http://www.phoneonlineupdate.com:7080/online_themes/xn/US-com.kkkeyboard.emoji.keyboard.theme.GalaxyParis-theme-icon.png?id=349","false","367622","Not found","Not found","Not found","Not found"
"I/System.out(14127): URLConn","60","<com.mopub.volley.toolbox.HurlStack: org.apache.http.HttpEntity entityFromConnection(java.net.HttpURLConnection)>","$r1 = virtualinvoke $r0.<java.net.HttpURLConnection: java.io.InputStream getInputStream()>()","http://ads.mopub.com/m/ad?id=80ca1cf21fc94fb98600a8971d4fdf67&nsv=4.8.0&dn=samsung%2CSM-G955N%2CSM-G955N&bundle=emoji.keyboard.emoticonkeyboard&z=-0700&o=p&w=720&h=1280&sc_a=1.5&mcc=310&mnc=16&iso=US&cn=T-Mobile&ct=2&av=1.4.4.0&udid=ifa%3A3ae8f2f4-1b58-4ed6-816b-3ee6c7e3745e&dnt=0&MAGIC_NO=0","false","Not found","Not found","Not found","Not found","Not found"
"I/System.out(14127): URLConn","61","<com.mopub.volley.toolbox.HurlStack: org.apache.http.HttpEntity entityFromConnection(java.net.HttpURLConnection)>","$r1 = virtualinvoke $r0.<java.net.HttpURLConnection: java.io.InputStream getInputStream()>()","http://ads.mopub.com/m/ad?id=80ca1cf21fc94fb98600a8971d4fdf67&nsv=4.8.0&dn=samsung%2CSM-G955N%2CSM-G955N&bundle=emoji.keyboard.emoticonkeyboard&z=-0700&o=p&w=720&h=1280&sc_a=1.5&mcc=310&mnc=16&iso=US&cn=T-Mobile&ct=2&av=1.4.4.0&udid=ifa%3A3ae8f2f4-1b58-4ed6-816b-3ee6c7e3745e&dnt=0&MAGIC_NO=0","false","Not found","Not found","Not found","Not found","Not found"
"I/System.out(14127): URLConn","62","<com.mopub.volley.toolbox.HurlStack: org.apache.http.HttpEntity entityFromConnection(java.net.HttpURLConnection)>","$r1 = virtualinvoke $r0.<java.net.HttpURLConnection: java.io.InputStream getInputStream()>()","http://ads.mopub.com/m/ad?id=80ca1cf21fc94fb98600a8971d4fdf67&nsv=4.8.0&dn=samsung%2CSM-G955N%2CSM-G955N&bundle=emoji.keyboard.emoticonkeyboard&z=-0700&o=p&w=720&h=1280&sc_a=1.5&mcc=310&mnc=16&iso=US&cn=T-Mobile&ct=2&av=1.4.4.0&udid=ifa%3A3ae8f2f4-1b58-4ed6-816b-3ee6c7e3745e&dnt=0&MAGIC_NO=0","false","Not found","Not found","Not found","Not found","Not found"
"I/System.out(14127): URLConn","63","<com.nostra13.universalimageloader.core.download.BaseImageDownloader: java.io.InputStream getStreamFromNetwork(java.lang.String,java.lang.Object)>","$r4 = virtualinvoke $r3.<java.net.HttpURLConnection: java.io.InputStream getInputStream()>()","https://lh3.googleusercontent.com/r8HFNVkOHmI9tipLpx-dunQEp98EoabMN2CtxOw9ZQx9IV_8HT-VU2DFagw0sd0fIf0=h900","false","106730","public, max-age=86400, no-transform","Tue, 20 Feb 2018 17:56:54 GMT","0","Not found"
"I/System.out(14127): URLConn","64","<com.nostra13.universalimageloader.core.download.BaseImageDownloader: java.io.InputStream getStreamFromNetwork(java.lang.String,java.lang.Object)>","$r4 = virtualinvoke $r3.<java.net.HttpURLConnection: java.io.InputStream getInputStream()>()","https://lh3.googleusercontent.com/pFRWexGt8fEPR_uRhuDXFWtLQHnPwUwPuF6pLrWA6gojI3wbT9rgStEHbC4jKejQEHA=h900","false","30870","public, max-age=86400, no-transform","Wed, 04 Apr 2018 11:58:59 GMT","1242","Not found"
"I/System.out(14127): URLConn","65","<com.nostra13.universalimageloader.core.download.BaseImageDownloader: java.io.InputStream getStreamFromNetwork(java.lang.String,java.lang.Object)>","$r4 = virtualinvoke $r3.<java.net.HttpURLConnection: java.io.InputStream getInputStream()>()","https://lh3.googleusercontent.com/owW-r4TtES4UOjFgb3sSgFwRo4ThQyrautqalEM1nc6Z8ef0QoGhPClVIFZoBpIjuw=h900","false","82132","public, max-age=86400, no-transform","Thu, 08 Mar 2018 22:58:32 GMT","0","Not found"
"I/System.out(14127): URLConn","66","<com.facebook.imagepipeline.producers.HttpUrlConnectionNetworkFetcher$1: void run()>","$r8 = virtualinvoke $r7.<java.net.HttpURLConnection: java.io.InputStream getInputStream()>()","https://lh3.googleusercontent.com/tYMFtS0NgdU0FbiQfza0qGQFyp33o5x2zuZMgFE_Hg81MXU9IYmLOEmdj_sGAxouky85=h310","false","29621","public, max-age=86400, no-transform","Fri, 02 Feb 2018 18:54:50 GMT","2993","Not found"
"I/System.out(14127): URLConn","67","<com.nostra13.universalimageloader.core.download.BaseImageDownloader: java.io.InputStream getStreamFromNetwork(java.lang.String,java.lang.Object)>","$r4 = virtualinvoke $r3.<java.net.HttpURLConnection: java.io.InputStream getInputStream()>()","https://lh3.googleusercontent.com/faNvG4xKSVpfaTVnK_o_9mqmQGallWWozOYx4ZWzhF491f5ioM8pcGlx1NE831J3c4sI=h900","false","359930","public, max-age=86400, no-transform","Sun, 01 Apr 2018 14:17:30 GMT","0","Not found"
"I/System.out(14127): URLConn","68","<com.nostra13.universalimageloader.core.download.BaseImageDownloader: java.io.InputStream getStreamFromNetwork(java.lang.String,java.lang.Object)>","$r4 = virtualinvoke $r3.<java.net.HttpURLConnection: java.io.InputStream getInputStream()>()","https://lh3.googleusercontent.com/gQM9c5JJr8Y5VqT7qN49e8KdAtdiDi3GU-XSP5wDBhJkU8MQpDs3VBDT3AZVGjxeVw=h900","false","2511614","public, max-age=86400, no-transform","Fri, 06 Apr 2018 04:25:31 GMT","3103","Not found"
"I/System.out(14127): URLConn","69","<com.mopub.volley.toolbox.HurlStack: org.apache.http.HttpEntity entityFromConnection(java.net.HttpURLConnection)>","$r1 = virtualinvoke $r0.<java.net.HttpURLConnection: java.io.InputStream getInputStream()>()","http://ads.mopub.com/m/ad?id=80ca1cf21fc94fb98600a8971d4fdf67&nsv=4.8.0&dn=samsung%2CSM-G955N%2CSM-G955N&bundle=emoji.keyboard.emoticonkeyboard&z=-0700&o=p&w=720&h=1280&sc_a=1.5&mcc=310&mnc=16&iso=US&cn=T-Mobile&ct=2&av=1.4.4.0&udid=ifa%3A3ae8f2f4-1b58-4ed6-816b-3ee6c7e3745e&dnt=0&MAGIC_NO=0","false","Not found","Not found","Not found","Not found","Not found"
"I/System.out(14127): URLConn","70","<com.mopub.volley.toolbox.HurlStack: org.apache.http.HttpEntity entityFromConnection(java.net.HttpURLConnection)>","$r1 = virtualinvoke $r0.<java.net.HttpURLConnection: java.io.InputStream getInputStream()>()","http://ads.mopub.com/m/ad?id=a04bec3172f24964a86a3249aec83138&nsv=4.8.0&dn=samsung%2CSM-G955N%2CSM-G955N&bundle=emoji.keyboard.emoticonkeyboard&z=-0700&o=p&w=720&h=1280&sc_a=1.5&mcc=310&mnc=16&iso=US&cn=T-Mobile&ct=2&av=1.4.4.0&udid=ifa%3A3ae8f2f4-1b58-4ed6-816b-3ee6c7e3745e&dnt=0&MAGIC_NO=0","false","Not found","Not found","Not found","Not found","Not found"
"I/System.out(14127): URLConn","71","<com.nostra13.universalimageloader.core.download.BaseImageDownloader: java.io.InputStream getStreamFromNetwork(java.lang.String,java.lang.Object)>","$r4 = virtualinvoke $r3.<java.net.HttpURLConnection: java.io.InputStream getInputStream()>()","https://lh3.googleusercontent.com/YuSIjTLulcnB7BvnWdGXoUK1-jSKVQSNgUOwbJh-DbgPTXab_qKd41_JBMe8mwRJALo=h900","false","416152","public, max-age=86400, no-transform","Fri, 09 Mar 2018 07:29:17 GMT","0","Not found"
"I/System.out(14127): URLConn","72","<com.facebook.imagepipeline.producers.HttpUrlConnectionNetworkFetcher$1: void run()>","$r8 = virtualinvoke $r7.<java.net.HttpURLConnection: java.io.InputStream getInputStream()>()","https://lh4.ggpht.com/0EgfjX15g88yItEpGyL3CfkuqudXXLQo0yoVzPBicoHtYcp_bzlAGlFiBjIx93ISGCE=h310","false","51218","public, max-age=86400, no-transform","Wed, 04 Apr 2018 12:10:41 GMT","609","Not found"
"I/System.out(14127): URLConn","73","<com.mopub.volley.toolbox.HurlStack: org.apache.http.HttpEntity entityFromConnection(java.net.HttpURLConnection)>","$r1 = virtualinvoke $r0.<java.net.HttpURLConnection: java.io.InputStream getInputStream()>()","http://ads.mopub.com/m/pos?id=a04bec3172f24964a86a3249aec83138&v=1&nsv=4.8.0&dn=samsung%2CSM-G955N%2CSM-G955N&av=1.4.4.0&udid=ifa%3A3ae8f2f4-1b58-4ed6-816b-3ee6c7e3745e&dnt=0","false","Not found","no-cache","Not found","Not found","Not found"
"I/System.out(14127): URLConn","74","<com.facebook.imagepipeline.producers.HttpUrlConnectionNetworkFetcher$1: void run()>","$r8 = virtualinvoke $r7.<java.net.HttpURLConnection: java.io.InputStream getInputStream()>()","https://lh5.ggpht.com/ka2TXPEW1LhzXhY7F8gfCnTYWnN8PvTaL3XUQ2bL-YXJqygFOr34Dw03UJnDpbV2Wg=h310","false","23279","public, max-age=86400, no-transform","Fri, 02 Feb 2018 18:58:55 GMT","609","Not found"
"I/System.out(14127): URLConn","75","<com.facebook.imagepipeline.producers.HttpUrlConnectionNetworkFetcher$1: void run()>","$r8 = virtualinvoke $r7.<java.net.HttpURLConnection: java.io.InputStream getInputStream()>()","https://lh6.ggpht.com/A2Wl1sydsUGPJeFgdK0DayleUb1Z3t84AUNJ8kd_gy41Kg2uHzDxgds6RdVpiQdgyLk=h310","false","22938","public, max-age=86400, no-transform","Fri, 02 Feb 2018 18:58:54 GMT","2991","Not found"
"I/System.out(14127): URLConn","76","<com.mopub.volley.toolbox.HurlStack: org.apache.http.HttpEntity entityFromConnection(java.net.HttpURLConnection)>","$r1 = virtualinvoke $r0.<java.net.HttpURLConnection: java.io.InputStream getInputStream()>()","http://ads.mopub.com/m/ad?id=80ca1cf21fc94fb98600a8971d4fdf67&nsv=4.8.0&dn=samsung%2CSM-G955N%2CSM-G955N&bundle=emoji.keyboard.emoticonkeyboard&z=-0700&o=p&w=720&h=1280&sc_a=1.5&mcc=310&mnc=16&iso=US&cn=T-Mobile&ct=2&av=1.4.4.0&udid=ifa%3A3ae8f2f4-1b58-4ed6-816b-3ee6c7e3745e&dnt=0&MAGIC_NO=0","false","Not found","Not found","Not found","Not found","Not found"
"I/System.out(14332): URLConn","2","<com.umeng.message.proguard.aj: byte[] a(int,java.lang.String,java.util.Map,boolean)>","$r23 = virtualinvoke $r5.<java.net.HttpURLConnection: java.io.InputStream getInputStream()>()","http://adash.m.taobao.com/rest/sur?ak=umeng%3A528dadae56240bb52900f0f3&av=1.4.4.0&c=android%40umeng&v=2.0&s=08843a32f667c0665d23ee1cd28a21bd&d=WtERRbvPSaQDAJN2LHVbEFGW&sv=4.1.0&p=a&t=1523650892033&u=&nsgs=1","true","Not found","Not found","Not found","Not found","Not found"
"I/System.out(14127): URLConn","77","<com.mopub.volley.toolbox.HurlStack: org.apache.http.HttpEntity entityFromConnection(java.net.HttpURLConnection)>","$r1 = virtualinvoke $r0.<java.net.HttpURLConnection: java.io.InputStream getInputStream()>()","http://ads.mopub.com/m/pos?id=a04bec3172f24964a86a3249aec83138&v=1&nsv=4.8.0&dn=samsung%2CSM-G955N%2CSM-G955N&av=1.4.4.0&udid=ifa%3A3ae8f2f4-1b58-4ed6-816b-3ee6c7e3745e&dnt=0","false","Not found","no-cache","Not found","Not found","Not found"
"I/System.out(14127): URLConn","78","<com.mopub.volley.toolbox.HurlStack: org.apache.http.HttpEntity entityFromConnection(java.net.HttpURLConnection)>","$r1 = virtualinvoke $r0.<java.net.HttpURLConnection: java.io.InputStream getInputStream()>()","http://ads.mopub.com/m/pos?id=81e5ff3e9e02473cba2e9c6749d24b0d&v=1&nsv=4.8.0&dn=samsung%2CSM-G955N%2CSM-G955N&av=1.4.4.0&udid=ifa%3A3ae8f2f4-1b58-4ed6-816b-3ee6c7e3745e&dnt=0","false","Not found","no-cache","Not found","Not found","Not found"
"I/System.out(14127): URLConn","79","<com.facebook.imagepipeline.producers.HttpUrlConnectionNetworkFetcher$1: void run()>","$r8 = virtualinvoke $r7.<java.net.HttpURLConnection: java.io.InputStream getInputStream()>()","http://www.phoneonlineupdate.com:7080/online_themes/xn/US-com.kkkeyboard.emoji.keyboard.theme.Gold-theme-icon.png?id=574","false","268418","Not found","Not found","Not found","Not found"
"I/System.out(14127): URLConn","80","<com.mopub.volley.toolbox.HurlStack: org.apache.http.HttpEntity entityFromConnection(java.net.HttpURLConnection)>","$r1 = virtualinvoke $r0.<java.net.HttpURLConnection: java.io.InputStream getInputStream()>()","http://ads.mopub.com/m/ad?id=80ca1cf21fc94fb98600a8971d4fdf67&nsv=4.8.0&dn=samsung%2CSM-G955N%2CSM-G955N&bundle=emoji.keyboard.emoticonkeyboard&z=-0700&o=p&w=720&h=1280&sc_a=1.5&mcc=310&mnc=16&iso=US&cn=T-Mobile&ct=2&av=1.4.4.0&udid=ifa%3A3ae8f2f4-1b58-4ed6-816b-3ee6c7e3745e&dnt=0&MAGIC_NO=0","false","Not found","Not found","Not found","Not found","Not found"
"I/System.out(14127): URLConn","81","<com.facebook.imagepipeline.producers.HttpUrlConnectionNetworkFetcher$1: void run()>","$r8 = virtualinvoke $r7.<java.net.HttpURLConnection: java.io.InputStream getInputStream()>()","http://www.phoneonlineupdate.com:7080/online_themes/xn/US-com.kkkeyboard.emoji.keyboard.theme.Gold-theme-icon.png?id=574","false","268418","Not found","Not found","Not found","Not found"
"I/System.out(14127): URLConn","82","<com.facebook.imagepipeline.producers.HttpUrlConnectionNetworkFetcher$1: void run()>","$r8 = virtualinvoke $r7.<java.net.HttpURLConnection: java.io.InputStream getInputStream()>()","http://www.phoneonlineupdate.com:7080/online_themes/xn/US-com.kkkeyboard.emoji.keyboard.theme.Gold-theme-icon.png?id=574","false","268418","Not found","Not found","Not found","Not found"
"I/System.out(14127): URLConn","83","<com.mopub.volley.toolbox.HurlStack: org.apache.http.HttpEntity entityFromConnection(java.net.HttpURLConnection)>","$r1 = virtualinvoke $r0.<java.net.HttpURLConnection: java.io.InputStream getInputStream()>()","http://ads.mopub.com/m/pos?id=81e5ff3e9e02473cba2e9c6749d24b0d&v=1&nsv=4.8.0&dn=samsung%2CSM-G955N%2CSM-G955N&av=1.4.4.0&udid=ifa%3A3ae8f2f4-1b58-4ed6-816b-3ee6c7e3745e&dnt=0","false","Not found","no-cache","Not found","Not found","Not found"
"I/System.out(14127): URLConn","84","<com.mopub.volley.toolbox.HurlStack: org.apache.http.HttpEntity entityFromConnection(java.net.HttpURLConnection)>","$r1 = virtualinvoke $r0.<java.net.HttpURLConnection: java.io.InputStream getInputStream()>()","http://ads.mopub.com/m/ad?id=81e5ff3e9e02473cba2e9c6749d24b0d&nsv=4.8.0&dn=samsung%2CSM-G955N%2CSM-G955N&bundle=emoji.keyboard.emoticonkeyboard&z=-0700&o=p&w=720&h=1280&sc_a=1.5&mcc=310&mnc=16&iso=US&cn=T-Mobile&ct=2&av=1.4.4.0&udid=ifa%3A3ae8f2f4-1b58-4ed6-816b-3ee6c7e3745e&dnt=0&MAGIC_NO=0","false","Not found","Not found","Not found","Not found","Not found"
"I/System.out(14127): URLConn","85","<com.mopub.volley.toolbox.HurlStack: org.apache.http.HttpEntity entityFromConnection(java.net.HttpURLConnection)>","$r1 = virtualinvoke $r0.<java.net.HttpURLConnection: java.io.InputStream getInputStream()>()","http://ads.mopub.com/m/ad?id=81e5ff3e9e02473cba2e9c6749d24b0d&nsv=4.8.0&dn=samsung%2CSM-G955N%2CSM-G955N&bundle=emoji.keyboard.emoticonkeyboard&z=-0700&o=p&w=720&h=1280&sc_a=1.5&mcc=310&mnc=16&iso=US&cn=T-Mobile&ct=2&av=1.4.4.0&udid=ifa%3A3ae8f2f4-1b58-4ed6-816b-3ee6c7e3745e&dnt=0&MAGIC_NO=0","false","Not found","Not found","Not found","Not found","Not found"
"I/System.out(14127): URLConn","86","<com.nostra13.universalimageloader.core.download.BaseImageDownloader: java.io.InputStream getStreamFromNetwork(java.lang.String,java.lang.Object)>","$r4 = virtualinvoke $r3.<java.net.HttpURLConnection: java.io.InputStream getInputStream()>()","http://www.phoneonlineupdate.com:7080/sticker/files/com.emojifamily.emoji.keyboard.sticker.MiddleFingerGif-top-up-180123033027007946924.png","false","336717","Not found","Not found","Not found","Not found"
"I/System.out(14127): URLConn","87","<com.nostra13.universalimageloader.core.download.BaseImageDownloader: java.io.InputStream getStreamFromNetwork(java.lang.String,java.lang.Object)>","$r4 = virtualinvoke $r3.<java.net.HttpURLConnection: java.io.InputStream getInputStream()>()","http://www.phoneonlineupdate.com:7080/sticker/files/com.emojifamily.emoji.keyboard.sticker.Love-top-up-180123033048165607697.png","false","371720","Not found","Not found","Not found","Not found"
"I/System.out(14127): URLConn","88","<com.mopub.volley.toolbox.HurlStack: org.apache.http.HttpEntity entityFromConnection(java.net.HttpURLConnection)>","$r1 = virtualinvoke $r0.<java.net.HttpURLConnection: java.io.InputStream getInputStream()>()","http://ads.mopub.com/m/pos?id=81e5ff3e9e02473cba2e9c6749d24b0d&v=1&nsv=4.8.0&dn=samsung%2CSM-G955N%2CSM-G955N&av=1.4.4.0&udid=ifa%3A3ae8f2f4-1b58-4ed6-816b-3ee6c7e3745e&dnt=0","false","Not found","no-cache","Not found","Not found","Not found"
"I/System.out(14127): URLConn","89","<com.mopub.volley.toolbox.HurlStack: org.apache.http.HttpEntity entityFromConnection(java.net.HttpURLConnection)>","$r1 = virtualinvoke $r0.<java.net.HttpURLConnection: java.io.InputStream getInputStream()>()","http://ads.mopub.com/m/ad?id=81e5ff3e9e02473cba2e9c6749d24b0d&nsv=4.8.0&dn=samsung%2CSM-G955N%2CSM-G955N&bundle=emoji.keyboard.emoticonkeyboard&z=-0700&o=p&w=720&h=1280&sc_a=1.5&mcc=310&mnc=16&iso=US&cn=T-Mobile&ct=2&av=1.4.4.0&udid=ifa%3A3ae8f2f4-1b58-4ed6-816b-3ee6c7e3745e&dnt=0&MAGIC_NO=0","false","Not found","Not found","Not found","Not found","Not found"
"I/System.out(14127): URLConn","90","<com.mopub.volley.toolbox.HurlStack: org.apache.http.HttpEntity entityFromConnection(java.net.HttpURLConnection)>","$r1 = virtualinvoke $r0.<java.net.HttpURLConnection: java.io.InputStream getInputStream()>()","http://ads.mopub.com/m/ad?MAGIC_NO=0&av=1.4.4.0&bundle=emoji.keyboard.emoticonkeyboard&cn=T-Mobile&cppck=A852C&ct=2&dn=samsung%2CSM-G955N%2CSM-G955N&dnt=0&exclude=a699e88c8aab11e5a192002590f3db4c&h=1280&id=81e5ff3e9e02473cba2e9c6749d24b0d&iso=US&mcc=310&mnc=16&nsv=4.8.0&o=p&request_id=293bce1d83d646b7a8aa3ea83732fbfb&rtc=1&sc_a=1.5&udid=ifa%3A3ae8f2f4-1b58-4ed6-816b-3ee6c7e3745e&w=720&z=-0700","false","Not found","Not found","Not found","Not found","Not found"
"I/System.out(14127): URLConn","91","<com.facebook.imagepipeline.producers.HttpUrlConnectionNetworkFetcher$1: void run()>","$r8 = virtualinvoke $r7.<java.net.HttpURLConnection: java.io.InputStream getInputStream()>()","http://www.phoneonlineupdate.com:7080/online_themes/xn/US-com.kkkeyboard.emoji.keyboard.theme.GalaxyParis-theme-icon.png?id=349","false","367622","Not found","Not found","Not found","Not found"
"I/System.out(14127): URLConn","92","<com.mopub.volley.toolbox.HurlStack: org.apache.http.HttpEntity entityFromConnection(java.net.HttpURLConnection)>","$r1 = virtualinvoke $r0.<java.net.HttpURLConnection: java.io.InputStream getInputStream()>()","http://ads.mopub.com/m/ad?id=80ca1cf21fc94fb98600a8971d4fdf67&nsv=4.8.0&dn=samsung%2CSM-G955N%2CSM-G955N&bundle=emoji.keyboard.emoticonkeyboard&z=-0700&o=p&w=720&h=1280&sc_a=1.5&mcc=310&mnc=16&iso=US&cn=T-Mobile&ct=2&av=1.4.4.0&udid=ifa%3A3ae8f2f4-1b58-4ed6-816b-3ee6c7e3745e&dnt=0&MAGIC_NO=0","false","Not found","Not found","Not found","Not found","Not found"
"I/System.out(14127): URLConn","93","<com.mopub.volley.toolbox.HurlStack: org.apache.http.HttpEntity entityFromConnection(java.net.HttpURLConnection)>","$r1 = virtualinvoke $r0.<java.net.HttpURLConnection: java.io.InputStream getInputStream()>()","http://ads.mopub.com/m/ad?MAGIC_NO=0&av=1.4.4.0&bundle=emoji.keyboard.emoticonkeyboard&cn=T-Mobile&cppck=CF7B1&ct=2&dn=samsung%2CSM-G955N%2CSM-G955N&dnt=0&exclude=a699e88c8aab11e5a192002590f3db4c&h=1280&id=81e5ff3e9e02473cba2e9c6749d24b0d&iso=US&mcc=310&mnc=16&nsv=4.8.0&o=p&request_id=38bcb62b4e734e14b2a62041a0d592fb&rtc=1&sc_a=1.5&udid=ifa%3A3ae8f2f4-1b58-4ed6-816b-3ee6c7e3745e&w=720&z=-0700","false","Not found","Not found","Not found","Not found","Not found"
"I/System.out(14127): URLConn","94","<com.facebook.imagepipeline.producers.HttpUrlConnectionNetworkFetcher$1: void run()>","$r8 = virtualinvoke $r7.<java.net.HttpURLConnection: java.io.InputStream getInputStream()>()","https://lh3.googleusercontent.com/jYeh79W6wz13srgNHuZrEfcMxbWnpfta-icHJoSL29x1itshPddLnVg_A9qTNd4DiA=h900","false","150657","public, max-age=86400, no-transform","Fri, 02 Feb 2018 20:58:48 GMT","137","Not found"
"I/System.out(14127): URLConn","95","<com.facebook.imagepipeline.producers.HttpUrlConnectionNetworkFetcher$1: void run()>","$r8 = virtualinvoke $r7.<java.net.HttpURLConnection: java.io.InputStream getInputStream()>()","https://lh3.googleusercontent.com/q-04jMSaGY8i2_cwq_WGnUoi6lCITnkc5aHwsjV6CVDTZHSQ0nd1amveziKGsBe6f8Q=h900","false","40323","public, max-age=86400, no-transform","Wed, 04 Apr 2018 11:11:13 GMT","2195","Not found"
"I/System.out(14127): URLConn","96","<com.facebook.imagepipeline.producers.HttpUrlConnectionNetworkFetcher$1: void run()>","$r8 = virtualinvoke $r7.<java.net.HttpURLConnection: java.io.InputStream getInputStream()>()","https://lh3.googleusercontent.com/X4rSpebEqBSXdlDTuOfpP1kFDWJ-lV4YFlsHInsB0fUAYsxzr9MyiAf2Y0szGIrmfvg=h900","false","100133","public, max-age=86400, no-transform","Fri, 02 Feb 2018 19:19:43 GMT","137","Not found"
"I/System.out(14127): URLConn","97","<com.facebook.imagepipeline.producers.HttpUrlConnectionNetworkFetcher$1: void run()>","$r8 = virtualinvoke $r7.<java.net.HttpURLConnection: java.io.InputStream getInputStream()>()","https://lh3.googleusercontent.com/pFRWexGt8fEPR_uRhuDXFWtLQHnPwUwPuF6pLrWA6gojI3wbT9rgStEHbC4jKejQEHA=h900","false","30870","public, max-age=86400, no-transform","Wed, 04 Apr 2018 11:58:59 GMT","1244","Not found"
"I/System.out(14127): URLConn","98","<com.facebook.imagepipeline.producers.HttpUrlConnectionNetworkFetcher$1: void run()>","$r8 = virtualinvoke $r7.<java.net.HttpURLConnection: java.io.InputStream getInputStream()>()","https://lh3.googleusercontent.com/_LpWb3S06jzq6xTCB0xDhx8LUsOrcsmg5RJ_Gd_Byv4uZoMbQQiIbk3dxsp6Q-7HbA8=h900","false","81682","public, max-age=86400, no-transform","Sat, 03 Feb 2018 00:01:45 GMT","1244","Not found"
"I/System.out(14127): URLConn","99","<com.facebook.imagepipeline.producers.HttpUrlConnectionNetworkFetcher$1: void run()>","$r8 = virtualinvoke $r7.<java.net.HttpURLConnection: java.io.InputStream getInputStream()>()","https://lh3.googleusercontent.com/o1OMPAIVdwNulYWQW2FVUHqCO4UyjHtrfSjcd7aJscsXFM1vFoqxhc6Wq64zcxPAhFZR=h900","false","186176","public, max-age=86400, no-transform","Fri, 02 Feb 2018 22:14:14 GMT","1128","Not found"
"I/System.out(14127): URLConn","100","<com.facebook.imagepipeline.producers.HttpUrlConnectionNetworkFetcher$1: void run()>","$r8 = virtualinvoke $r7.<java.net.HttpURLConnection: java.io.InputStream getInputStream()>()","https://lh3.googleusercontent.com/33kx_a8-v_S5fOGWWJRb-X-9bI9sPnwt54jscDXG_LRL6eqaAlNGlJc5AUmdwZZOxKw=h900","false","55191","public, max-age=86400, no-transform","Sat, 03 Feb 2018 01:55:16 GMT","0","Not found"
"I/System.out(14127): URLConn","101","<com.facebook.imagepipeline.producers.HttpUrlConnectionNetworkFetcher$1: void run()>","$r8 = virtualinvoke $r7.<java.net.HttpURLConnection: java.io.InputStream getInputStream()>()","https://lh3.googleusercontent.com/AfBXkcdQHTmX5ZRglxhKISwVTwc_DnowXVF9fcTdQBDkyKYEiNhRdQVJbAOczAaSdN9h=h900","false","287392","public, max-age=86400, no-transform","Fri, 02 Feb 2018 18:54:49 GMT","0","Not found"
"I/System.out(14127): URLConn","102","<com.facebook.imagepipeline.producers.HttpUrlConnectionNetworkFetcher$1: void run()>","$r8 = virtualinvoke $r7.<java.net.HttpURLConnection: java.io.InputStream getInputStream()>()","https://lh3.googleusercontent.com/3yt57YAO3OCUFGzgDhOAZ2Wbvxr15m44dBxYtlJGpp6GuKAi7T8pFS9_LEu6-LTblg=h900","false","66592","public, max-age=86400, no-transform","Fri, 02 Feb 2018 20:58:18 GMT","3065","Not found"
"I/System.out(14127): URLConn","103","<com.facebook.imagepipeline.producers.HttpUrlConnectionNetworkFetcher$1: void run()>","$r8 = virtualinvoke $r7.<java.net.HttpURLConnection: java.io.InputStream getInputStream()>()","http://www.phoneonlineupdate.com:7080/online_themes/xn/US-com.kkkeyboard.emoji.keyboard.theme.SuperColor-theme-icon.png?id=371","false","90648","Not found","Not found","Not found","Not found"
"I/System.out(14127): URLConn","104","<com.facebook.imagepipeline.producers.HttpUrlConnectionNetworkFetcher$1: void run()>","$r8 = virtualinvoke $r7.<java.net.HttpURLConnection: java.io.InputStream getInputStream()>()","https://lh3.googleusercontent.com/7s_2qBFuCtacyKOpLof8RFm2VGESGUT_RRP6Tsy566eidTYkNqR7mUPVkxgl-epGQq3s=h900","false","61753","public, max-age=86400, no-transform","Sat, 17 Mar 2018 10:39:48 GMT","0","Not found"
"I/System.out(14127): URLConn","105","<com.facebook.imagepipeline.producers.HttpUrlConnectionNetworkFetcher$1: void run()>","$r8 = virtualinvoke $r7.<java.net.HttpURLConnection: java.io.InputStream getInputStream()>()","https://lh3.googleusercontent.com/a7czW4tybPHO2wm48El9JFJPdfXZy-nHg1dwTeytCbaRVfBSqvkHmrpzxX7-Ig02PA=h900","false","389696","public, max-age=86400, no-transform","Sat, 03 Feb 2018 01:55:23 GMT","0","Not found"
"I/System.out(14127): URLConn","106","<com.nostra13.universalimageloader.core.download.BaseImageDownloader: java.io.InputStream getStreamFromNetwork(java.lang.String,java.lang.Object)>","$r4 = virtualinvoke $r3.<java.net.HttpURLConnection: java.io.InputStream getInputStream()>()","http://www.phoneonlineupdate.com:7080/sticker/files/com.emojifamily.emoji.keyboard.sticker.LoveEmoji-top-up-180207020326590263232.png","false","391363","Not found","Not found","Not found","Not found"
"I/System.out(14127): URLConn","107","<com.facebook.imagepipeline.producers.HttpUrlConnectionNetworkFetcher$1: void run()>","$r8 = virtualinvoke $r7.<java.net.HttpURLConnection: java.io.InputStream getInputStream()>()","https://lh3.googleusercontent.com/oCStDzZQTtCkbJ9Xq6aGHFqQp_CismGwHlmO3VBBRC9KyUHZAs9o_3-LXDqeKWgF7A=h900","false","113412","public, max-age=86400, no-transform","Thu, 08 Mar 2018 22:51:32 GMT","3057","Not found"
"I/System.out(14127): URLConn","108","<com.facebook.imagepipeline.producers.HttpUrlConnectionNetworkFetcher$1: void run()>","$r8 = virtualinvoke $r7.<java.net.HttpURLConnection: java.io.InputStream getInputStream()>()","https://lh3.googleusercontent.com/7TlhM3lgGhQx4uZvLtzBGBZFEiLK1jDvkDlkbXH_sXy--8IEoqUGWEjAw68H80ExUgY=h900","false","69055","public, max-age=86400, no-transform","Fri, 02 Feb 2018 20:25:07 GMT","0","Not found"
"I/System.out(14127): URLConn","109","<com.a.a.d.a.f: java.io.InputStream a(java.net.URL,int,java.net.URL,java.util.Map)>","$r16 = virtualinvoke $r4.<java.net.HttpURLConnection: java.io.InputStream getInputStream()>()","http://t0.gstatic.com/images?q=tbn:ANd9GcT511Aa2516Xldif9QGV8dm_n6LELn9WoxZ_mzk5Xoby8GAk4eD8asG70rooOpJItctss6-OZag","false","3086","public, max-age=31536000","Sat, 13 Apr 2019 00:04:24 GMT","73029","Not found"
"I/System.out(14127): URLConn","110","<com.a.a.d.a.f: java.io.InputStream a(java.net.URL,int,java.net.URL,java.util.Map)>","$r16 = virtualinvoke $r4.<java.net.HttpURLConnection: java.io.InputStream getInputStream()>()","http://t2.gstatic.com/images?q=tbn:ANd9GcTMWALDbHgKinyV1tECnv1mhF-YD6Dy46cwZvaWwPZg5KNIT6gXJpGiMv5SAzcF4lTB9alDz_XL","false","4013","public, max-age=31536000","Fri, 12 Apr 2019 16:20:48 GMT","100845","Not found"
"I/System.out(14127): URLConn","111","<com.mopub.volley.toolbox.HurlStack: org.apache.http.HttpEntity entityFromConnection(java.net.HttpURLConnection)>","$r1 = virtualinvoke $r0.<java.net.HttpURLConnection: java.io.InputStream getInputStream()>()","http://ads.mopub.com/m/ad?MAGIC_NO=0&av=1.4.4.0&bundle=emoji.keyboard.emoticonkeyboard&cn=T-Mobile&cppck=F7816&ct=2&dn=samsung%2CSM-G955N%2CSM-G955N&dnt=0&exclude=b5d034869fa611e5beed002590f2bb78&h=1280&id=80ca1cf21fc94fb98600a8971d4fdf67&iso=US&mcc=310&mnc=16&nsv=4.8.0&o=p&request_id=de212635e599421c9ca7185d1a14eb4b&rtc=1&sc_a=1.5&udid=ifa%3A3ae8f2f4-1b58-4ed6-816b-3ee6c7e3745e&w=720&z=-0700","false","Not found","Not found","Not found","Not found","Not found"
"I/System.out(14127): URLConn","112","<com.a.a.d.a.f: java.io.InputStream a(java.net.URL,int,java.net.URL,java.util.Map)>","$r16 = virtualinvoke $r4.<java.net.HttpURLConnection: java.io.InputStream getInputStream()>()","http://t3.gstatic.com/images?q=tbn:ANd9GcR37MN3kJFDAvhZnw8oxWqcClvDbdVQGtxTGLRCAoqoW4j3p67T3hJ-VVEMKOTt5Mlyy9HVfIb9","false","2999","public, max-age=31536000","Thu, 11 Apr 2019 23:55:31 GMT","159962","Not found"
"I/System.out(14127): URLConn","113","<com.a.a.d.a.f: java.io.InputStream a(java.net.URL,int,java.net.URL,java.util.Map)>","$r16 = virtualinvoke $r4.<java.net.HttpURLConnection: java.io.InputStream getInputStream()>()","http://t1.gstatic.com/images?q=tbn:ANd9GcQFXHHLYvEJiroor6_SXan-Ft7qg2dP2GDxlZ0L8CX88sr9WcpC2mSQT7BTsy50ZmwOoynpYboF","false","2934","public, max-age=31536000","Sat, 13 Apr 2019 01:17:03 GMT","68670","Not found"
"I/System.out(14127): URLConn","114","<com.a.a.d.a.f: java.io.InputStream a(java.net.URL,int,java.net.URL,java.util.Map)>","$r16 = virtualinvoke $r4.<java.net.HttpURLConnection: java.io.InputStream getInputStream()>()","http://www.phoneonlineupdate.com:7080/trend/files/1-tab1-49-up-180410091047680411803.jpg","false","4408","Not found","Not found","Not found","Not found"
"I/System.out(14127): URLConn","115","<com.a.a.d.a.f: java.io.InputStream a(java.net.URL,int,java.net.URL,java.util.Map)>","$r16 = virtualinvoke $r4.<java.net.HttpURLConnection: java.io.InputStream getInputStream()>()","http://www.phoneonlineupdate.com:7080/trend/files/1-tab1-50-up-180410091107818662202.jpg","false","10623","Not found","Not found","Not found","Not found"
"I/System.out(14127): URLConn","116","<com.mopub.volley.toolbox.HurlStack: org.apache.http.HttpEntity entityFromConnection(java.net.HttpURLConnection)>","$r1 = virtualinvoke $r0.<java.net.HttpURLConnection: java.io.InputStream getInputStream()>()","http://ads.mopub.com/m/ad?id=80ca1cf21fc94fb98600a8971d4fdf67&nsv=4.8.0&dn=samsung%2CSM-G955N%2CSM-G955N&bundle=emoji.keyboard.emoticonkeyboard&z=-0700&o=p&w=720&h=1280&sc_a=1.5&mcc=310&mnc=16&iso=US&cn=T-Mobile&ct=2&av=1.4.4.0&udid=ifa%3A3ae8f2f4-1b58-4ed6-816b-3ee6c7e3745e&dnt=0&MAGIC_NO=1","false","Not found","Not found","Not found","Not found","Not found"
"I/System.out(14127): URLConn","117","<com.a.a.d.a.f: java.io.InputStream a(java.net.URL,int,java.net.URL,java.util.Map)>","$r16 = virtualinvoke $r4.<java.net.HttpURLConnection: java.io.InputStream getInputStream()>()","http://www.phoneonlineupdate.com:7080/trend/files/1-tab1-47-up-180410091018579326708.png","false","25446","Not found","Not found","Not found","Not found"
"I/System.out(14127): URLConn","118","<com.a.a.d.a.f: java.io.InputStream a(java.net.URL,int,java.net.URL,java.util.Map)>","$r16 = virtualinvoke $r4.<java.net.HttpURLConnection: java.io.InputStream getInputStream()>()","http://www.phoneonlineupdate.com:7080/trend/files/1-tab1-48-up-180410091031778743414.jpg","false","3817","Not found","Not found","Not found","Not found"
"I/System.out(14127): URLConn","119","<com.a.a.d.a.f: java.io.InputStream a(java.net.URL,int,java.net.URL,java.util.Map)>","$r16 = virtualinvoke $r4.<java.net.HttpURLConnection: java.io.InputStream getInputStream()>()","http://www.phoneonlineupdate.com:7080/trend/files/1-tab1-42-up-180404103808778219223.jpg","false","3532","Not found","Not found","Not found","Not found"
"I/System.out(14127): URLConn","120","<com.mopub.volley.toolbox.HurlStack: org.apache.http.HttpEntity entityFromConnection(java.net.HttpURLConnection)>","$r1 = virtualinvoke $r0.<java.net.HttpURLConnection: java.io.InputStream getInputStream()>()","http://ads.mopub.com/m/ad?MAGIC_NO=1&av=1.4.4.0&bundle=emoji.keyboard.emoticonkeyboard&cn=T-Mobile&cppck=350BB&ct=2&dn=samsung%2CSM-G955N%2CSM-G955N&dnt=0&exclude=b5d034869fa611e5beed002590f2bb78&h=1280&id=80ca1cf21fc94fb98600a8971d4fdf67&iso=US&mcc=310&mnc=16&nsv=4.8.0&o=p&request_id=628c5330a6ab4507bd4701b4333b52c7&rtc=1&sc_a=1.5&udid=ifa%3A3ae8f2f4-1b58-4ed6-816b-3ee6c7e3745e&w=720&z=-0700","false","Not found","Not found","Not found","Not found","Not found"
"I/System.out(14127): URLConn","121","<com.a.a.d.a.f: java.io.InputStream a(java.net.URL,int,java.net.URL,java.util.Map)>","$r16 = virtualinvoke $r4.<java.net.HttpURLConnection: java.io.InputStream getInputStream()>()","http://www.phoneonlineupdate.com:7080/trend/files/1-tab1-45-up-180404103824176926419.jpg","false","12335","Not found","Not found","Not found","Not found"
"I/System.out(14127): URLConn","122","<com.a.a.d.a.f: java.io.InputStream a(java.net.URL,int,java.net.URL,java.util.Map)>","$r16 = virtualinvoke $r4.<java.net.HttpURLConnection: java.io.InputStream getInputStream()>()","http://www.phoneonlineupdate.com:7080/app_invite/config/invite2-171227033256144550334.png","false","7812","Not found","Not found","Not found","Not found"
"I/System.out(14127): URLConn","123","<com.mopub.volley.toolbox.HurlStack: org.apache.http.HttpEntity entityFromConnection(java.net.HttpURLConnection)>","$r1 = virtualinvoke $r0.<java.net.HttpURLConnection: java.io.InputStream getInputStream()>()","http://ads.mopub.com/m/imp?appid=&cid=29711a7d950f491e8506d751f8ffb21d&city=Los%20Angeles&ckv=2&country_code=US&cppck=54F58&dev=SM-G955N&exclude_adgroups=36cc442d54764d57bf658439db648931%2Cb5d034869fa611e5beed002590f2bb78&id=80ca1cf21fc94fb98600a8971d4fdf67&is_ab=0&is_mraid=0&os=Android&osv=4.4.2&req=de212635e599421c9ca7185d1a14eb4b&reqt=1523650893.0&rev=0.000059&udid=ifa%3A3ae8f2f4-1b58-4ed6-816b-3ee6c7e3745e&video_type=","false","Not found","Not found","Not found","Not found","Not found"
"I/System.out(14127): URLConn","124","<com.mopub.volley.toolbox.HurlStack: org.apache.http.HttpEntity entityFromConnection(java.net.HttpURLConnection)>","$r1 = virtualinvoke $r0.<java.net.HttpURLConnection: java.io.InputStream getInputStream()>()","http://mpx.mopub.com/imp?ad_domain=letgo-buy-sell.com&adgroup_id=36cc442d54764d57bf658439db648931&adunit_id=80ca1cf21fc94fb98600a8971d4fdf67&ads_creative_id=29711a7d950f491e8506d751f8ffb21d&app_id=a8faeeb2e0134cac8f5daa9608b34ff4&app_name=Cute%20Emoji%20Keyboard&auction_time=1523650893&bid_price=0.48&bidder_id=50c9274dfcf54d754c000000&bidder_name=Liftoff&campaign_id=9236a7d8c5894d79ab53729d78df106c&charge_price=0.1&asc_price=0&ck=59057&ckenc=2&country=USA&creative_id=mopub-48196&currency=USD&impression_id=dbddd46d-b1a6-472c-aaca-8e15a67d63c9&latency=0.019&mopub_id=ifa%3A3ae8f2f4-1b58-4ed6-816b-3ee6c7e3745e&paid=0&pub_id=0ff4b207768e4e7fbe430aa292ce60c1&pub_name=Mavericks%20Mobile&pub_rev0=9204661009199097185&request_id=de212635e599421c9ca7185d1a14eb4b&units=0&adgroup_type=marketplace&adgroup_priority=11","false","Not found","Not found","Not found","Not found","Not found"
"I/System.out(14127): URLConn","125","<com.mopub.volley.toolbox.HurlStack: org.apache.http.HttpEntity entityFromConnection(java.net.HttpURLConnection)>","$r1 = virtualinvoke $r0.<java.net.HttpURLConnection: java.io.InputStream getInputStream()>()","http://haggler-mopub802-us-e-ec2.liftoff.io/mopub/win_notice?ad_group_id=16849&channel_id=6&creative_id=48196&device_id_sha1=d9aaea5e90f3406cef15006d2e782e18c665ce5b&source_app_store_id=emoji.keyboard.emoticonkeyboard&bid_ts=1523650892903&auction_id=dbddd46d-b1a6-472c-aaca-8e15a67d63c9&auction_price=0.1&host=haggler-mopub802-us-e-ec2.liftoff.io","false","0","Not found","Not found","Not found","Not found"
"I/System.out(14127): URLConn","126","<com.mopub.volley.toolbox.HurlStack: org.apache.http.HttpEntity entityFromConnection(java.net.HttpURLConnection)>","$r1 = virtualinvoke $r0.<java.net.HttpURLConnection: java.io.InputStream getInputStream()>()","http://analytics.liftoff.io/v1/campaign_view?channel=mopub&ad_group_id=16849&creative_id=48196&auction_id=dbddd46d-b1a6-472c-aaca-8e15a67d63c9&device_id=3ae8f2f4-1b58-4ed6-816b-3ee6c7e3745e&device_id_sha1=d9aaea5e90f3406cef15006d2e782e18c665ce5b&device_id_type=google-aid&device_family=Mobile&device_model=+Unknown&os_version=4.4.2&source_app_store_id=emoji.keyboard.emoticonkeyboard&targeted_country_id=184&bid_ts=1523650892903&source_app_name_encoded=Emoji%2520Keyboard%2520Cute%2520Emoticons%2520-%2520Theme%252C%2520GIF%252C%2520Emoji&test_groups=&creative_tests=564%2C558&t=1523650892903&u=xf2JXt7iAfjyMFpnv1UJc1VYNSA5LEoUMEIBx4gca6g","false","0","Not found","Not found","Not found","Not found"
,,,,,,,,,,
package,numRequests,,,,,,,,,,
com.amazon.storm.lightning.client.aosp.logs.txt,0,,,,,,,,,,
com.google.android.apps.adm.logs.txt,0,,,,,,,,,,
com.google.android.inputmethod.latin.logs.txt,0,,,,,,,,,,
com.mediamushroom.copymydata.logs.txt,0,,,,,,,,,,
com.zrgiu.antivirus.logs.txt,13,,,,,,,,,,
emoji.keyboard.emoticonkeyboard.logs.txt,130,,,,,,,,,,
