total apps: 12,,,,,,,,,,
Total number of requests: 148,,,,,,,,,,
Total number of GET requests: 62,,,,,,,,,,
Percentage of GET requests: 41.891891891891895%,,,,,,,,,,
Average number of requests per app: 12.333333333333334,,,,,,,,,,
Average number of GET requests per app: 5.166666666666667,,,,,,,,,,
Average number of expire requests: 35,,,,,,,,,,
Percentage of expire requests: 23.64864864864865%,,,,,,,,,,
Average number of expire requests per app: 2.9166666666666665,,,,,,,,,,
Average data length per request: 60668.17105263158,,,,,,,,,,
Exceptions: 0,,,,,,,,,,
,,,,,,,,,,
prefix,id,body,stmt,urlString,isDoOutput,length,cacheControl,expires,age,setCookie,,,
"I/System.out(19533): URLConn","0","<com.supersonic.mediationsdk.server.HttpFunctions: java.lang.String getStringFromURL(java.lang.String)>","$r10 = virtualinvoke $r8.<java.net.HttpURLConnection: java.io.InputStream getInputStream()>()","https://ua.supersonicads.com/api/rest/v1.1/uniqueusers?applicationKey=4cb45c0d&applicationUserId=3ae8f2f4-1b58-4ed6-816b-3ee6c7e3745e&sdkVersion=6.4.11","false","16","max-age=31557600","Not found","8","Not found"
"I/System.out(19533): URLConn","1","<com.chartboost.sdk.impl.aa: org.apache.http.HttpEntity a(java.net.HttpURLConnection)>","$r1 = virtualinvoke $r0.<java.net.HttpURLConnection: java.io.InputStream getInputStream()>()","https://live.chartboost.com/api/config","true","Not found","Not found","Not found","Not found","Not found"
"I/System.out(19533): URLConn","2","<com.appintop.requests.JsonLoader: org.json.JSONObject doInBackground(java.lang.String[])>","$r15 = virtualinvoke $r13.<java.net.HttpURLConnection: java.io.InputStream getInputStream()>()","https://rtb.appintop.com/sdk/v3/credentials?platform=android&bundle=com.bestringtonesapps.freeringtonesforandroid&version=4.5.0&plugin=android&format=image&adid=3ae8f2f4-1b58-4ed6-816b-3ee6c7e3745e","true","Not found","Not found","Not found","Not found","Not found"
"I/System.out(19533): URLConn","3","<com.flurry.sdk.kp: void r()>","$r23 = virtualinvoke $r4.<java.net.HttpURLConnection: java.io.InputStream getInputStream()>()","https://data.flurry.com/aap.do","true","Not found","Not found","Not found","0","Not found"
"I/System.out(19533): URLConn","4","<io.fabric.sdk.android.services.network.HttpRequest: java.io.InputStream stream()>","$r2 = virtualinvoke $r3.<java.net.HttpURLConnection: java.io.InputStream getInputStream()>()","https://settings.crashlytics.com/spi/v2/platforms/android/apps/com.bestringtonesapps.freeringtonesforandroid/settings?instance=7f047948ce7e4d2c0dd05db5f63dc0e3e4b8c9ca&source=1&build_version=47&icon_hash=6a8347d5107aae1be1aea318e57d66d660a31f33&display_version=3.0.9","false","Not found","Not found","Not found","Not found","Not found"
"I/System.out(19533): URLConn","5","<com.chartboost.sdk.impl.aa: org.apache.http.HttpEntity a(java.net.HttpURLConnection)>","$r1 = virtualinvoke $r0.<java.net.HttpURLConnection: java.io.InputStream getInputStream()>()","https://live.chartboost.com/api/install","true","Not found","Not found","Not found","Not found","Not found"
"I/System.out(19677): URLConn","0","<com.supersonic.mediationsdk.server.HttpFunctions: java.lang.String getStringFromURL(java.lang.String)>","$r10 = virtualinvoke $r8.<java.net.HttpURLConnection: java.io.InputStream getInputStream()>()","https://ua.supersonicads.com/api/rest/v1.1/uniqueusers?applicationKey=4cb45c0d&applicationUserId=3ae8f2f4-1b58-4ed6-816b-3ee6c7e3745e&sdkVersion=6.4.11","false","16","max-age=31557600","Not found","8","Not found"
"I/System.out(19677): URLConn","1","<com.appintop.requests.JsonLoader: org.json.JSONObject doInBackground(java.lang.String[])>","$r15 = virtualinvoke $r13.<java.net.HttpURLConnection: java.io.InputStream getInputStream()>()","https://rtb.appintop.com/sdk/v3/credentials?platform=android&bundle=com.bestringtonesapps.freeringtonesforandroid&version=4.5.0&plugin=android&format=image&adid=3ae8f2f4-1b58-4ed6-816b-3ee6c7e3745e","true","Not found","Not found","Not found","Not found","Not found"
"I/System.out(19677): URLConn","2","<com.flurry.sdk.kp: void r()>","$r23 = virtualinvoke $r4.<java.net.HttpURLConnection: java.io.InputStream getInputStream()>()","https://data.flurry.com/aap.do","true","Not found","Not found","Not found","0","Not found"
"I/System.out(19677): URLConn","3","<com.chartboost.sdk.impl.aa: org.apache.http.HttpEntity a(java.net.HttpURLConnection)>","$r1 = virtualinvoke $r0.<java.net.HttpURLConnection: java.io.InputStream getInputStream()>()","https://live.chartboost.com/api/config","true","Not found","Not found","Not found","Not found","Not found"
"I/System.out(19815): URLConn","0","<com.supersonic.mediationsdk.server.HttpFunctions: java.lang.String getStringFromURL(java.lang.String)>","$r10 = virtualinvoke $r8.<java.net.HttpURLConnection: java.io.InputStream getInputStream()>()","https://ua.supersonicads.com/api/rest/v1.1/uniqueusers?applicationKey=4cb45c0d&applicationUserId=3ae8f2f4-1b58-4ed6-816b-3ee6c7e3745e&sdkVersion=6.4.11","false","16","max-age=31557600","Not found","8","Not found"
"I/System.out(19815): URLConn","1","<com.appintop.requests.JsonLoader: org.json.JSONObject doInBackground(java.lang.String[])>","$r15 = virtualinvoke $r13.<java.net.HttpURLConnection: java.io.InputStream getInputStream()>()","https://rtb.appintop.com/sdk/v3/credentials?platform=android&bundle=com.bestringtonesapps.freeringtonesforandroid&version=4.5.0&plugin=android&format=image&adid=3ae8f2f4-1b58-4ed6-816b-3ee6c7e3745e","true","Not found","Not found","Not found","Not found","Not found"
"I/System.out(19815): URLConn","2","<com.chartboost.sdk.impl.aa: org.apache.http.HttpEntity a(java.net.HttpURLConnection)>","$r1 = virtualinvoke $r0.<java.net.HttpURLConnection: java.io.InputStream getInputStream()>()","https://live.chartboost.com/api/config","true","Not found","Not found","Not found","Not found","Not found"
"I/System.out(19979): URLConn","0","<com.supersonic.mediationsdk.server.HttpFunctions: java.lang.String getStringFromURL(java.lang.String)>","$r10 = virtualinvoke $r8.<java.net.HttpURLConnection: java.io.InputStream getInputStream()>()","https://ua.supersonicads.com/api/rest/v1.1/uniqueusers?applicationKey=4cb45c0d&applicationUserId=3ae8f2f4-1b58-4ed6-816b-3ee6c7e3745e&sdkVersion=6.4.11","false","16","max-age=31557600","Not found","8","Not found"
"I/System.out(19979): URLConn","1","<com.appintop.requests.JsonLoader: org.json.JSONObject doInBackground(java.lang.String[])>","$r15 = virtualinvoke $r13.<java.net.HttpURLConnection: java.io.InputStream getInputStream()>()","https://rtb.appintop.com/sdk/v3/credentials?platform=android&bundle=com.bestringtonesapps.freeringtonesforandroid&version=4.5.0&plugin=android&format=image&adid=3ae8f2f4-1b58-4ed6-816b-3ee6c7e3745e","true","Not found","Not found","Not found","Not found","Not found"
"I/System.out(19979): URLConn","2","<com.chartboost.sdk.impl.aa: org.apache.http.HttpEntity a(java.net.HttpURLConnection)>","$r1 = virtualinvoke $r0.<java.net.HttpURLConnection: java.io.InputStream getInputStream()>()","https://live.chartboost.com/api/config","true","Not found","Not found","Not found","Not found","Not found"
"I/System.out(19979): URLConn","3","<com.flurry.sdk.kp: void r()>","$r23 = virtualinvoke $r4.<java.net.HttpURLConnection: java.io.InputStream getInputStream()>()","https://data.flurry.com/aap.do","true","Not found","Not found","Not found","0","Not found"
"I/System.out(19979): URLConn","4","<com.flurry.sdk.kp: void r()>","$r23 = virtualinvoke $r4.<java.net.HttpURLConnection: java.io.InputStream getInputStream()>()","https://data.flurry.com/aap.do","true","Not found","Not found","Not found","0","Not found"
"I/System.out(20105): URLConn","0","<com.supersonic.mediationsdk.server.HttpFunctions: java.lang.String getStringFromURL(java.lang.String)>","$r10 = virtualinvoke $r8.<java.net.HttpURLConnection: java.io.InputStream getInputStream()>()","https://ua.supersonicads.com/api/rest/v1.1/uniqueusers?applicationKey=4cb45c0d&applicationUserId=3ae8f2f4-1b58-4ed6-816b-3ee6c7e3745e&sdkVersion=6.4.11","false","16","max-age=31557600","Not found","8","Not found"
"I/System.out(20105): URLConn","1","<com.appintop.requests.JsonLoader: org.json.JSONObject doInBackground(java.lang.String[])>","$r15 = virtualinvoke $r13.<java.net.HttpURLConnection: java.io.InputStream getInputStream()>()","https://rtb.appintop.com/sdk/v3/credentials?platform=android&bundle=com.bestringtonesapps.freeringtonesforandroid&version=4.5.0&plugin=android&format=image&adid=3ae8f2f4-1b58-4ed6-816b-3ee6c7e3745e","true","Not found","Not found","Not found","Not found","Not found"
"I/System.out(20105): URLConn","2","<com.chartboost.sdk.impl.aa: org.apache.http.HttpEntity a(java.net.HttpURLConnection)>","$r1 = virtualinvoke $r0.<java.net.HttpURLConnection: java.io.InputStream getInputStream()>()","https://live.chartboost.com/api/config","true","Not found","Not found","Not found","Not found","Not found"
"I/System.out(20234): URLConn","0","<com.supersonic.mediationsdk.server.HttpFunctions: java.lang.String getStringFromURL(java.lang.String)>","$r10 = virtualinvoke $r8.<java.net.HttpURLConnection: java.io.InputStream getInputStream()>()","https://ua.supersonicads.com/api/rest/v1.1/uniqueusers?applicationKey=4cb45c0d&applicationUserId=3ae8f2f4-1b58-4ed6-816b-3ee6c7e3745e&sdkVersion=6.4.11","false","16","max-age=31557600","Not found","8","Not found"
"I/System.out(20234): URLConn","1","<com.appintop.requests.JsonLoader: org.json.JSONObject doInBackground(java.lang.String[])>","$r15 = virtualinvoke $r13.<java.net.HttpURLConnection: java.io.InputStream getInputStream()>()","https://rtb.appintop.com/sdk/v3/credentials?platform=android&bundle=com.bestringtonesapps.freeringtonesforandroid&version=4.5.0&plugin=android&format=image&adid=3ae8f2f4-1b58-4ed6-816b-3ee6c7e3745e","true","Not found","Not found","Not found","Not found","Not found"
"I/System.out(20234): URLConn","2","<com.chartboost.sdk.impl.aa: org.apache.http.HttpEntity a(java.net.HttpURLConnection)>","$r1 = virtualinvoke $r0.<java.net.HttpURLConnection: java.io.InputStream getInputStream()>()","https://live.chartboost.com/api/config","true","Not found","Not found","Not found","Not found","Not found"
"I/System.out(20234): URLConn","3","<com.flurry.sdk.kp: void r()>","$r23 = virtualinvoke $r4.<java.net.HttpURLConnection: java.io.InputStream getInputStream()>()","https://data.flurry.com/aap.do","true","Not found","Not found","Not found","0","Not found"
"I/System.out(20234): URLConn","4","<com.flurry.sdk.kp: void r()>","$r23 = virtualinvoke $r4.<java.net.HttpURLConnection: java.io.InputStream getInputStream()>()","https://data.flurry.com/aap.do","true","Not found","Not found","Not found","2","Not found"
"I/System.out(20358): URLConn","0","<com.supersonic.mediationsdk.server.HttpFunctions: java.lang.String getStringFromURL(java.lang.String)>","$r10 = virtualinvoke $r8.<java.net.HttpURLConnection: java.io.InputStream getInputStream()>()","https://ua.supersonicads.com/api/rest/v1.1/uniqueusers?applicationKey=4cb45c0d&applicationUserId=3ae8f2f4-1b58-4ed6-816b-3ee6c7e3745e&sdkVersion=6.4.11","false","16","max-age=31557600","Not found","8","Not found"
"I/System.out(20358): URLConn","1","<com.appintop.requests.JsonLoader: org.json.JSONObject doInBackground(java.lang.String[])>","$r15 = virtualinvoke $r13.<java.net.HttpURLConnection: java.io.InputStream getInputStream()>()","https://rtb.appintop.com/sdk/v3/credentials?platform=android&bundle=com.bestringtonesapps.freeringtonesforandroid&version=4.5.0&plugin=android&format=image&adid=3ae8f2f4-1b58-4ed6-816b-3ee6c7e3745e","true","Not found","Not found","Not found","Not found","Not found"
"I/System.out(20486): URLConn","0","<com.supersonic.mediationsdk.server.HttpFunctions: java.lang.String getStringFromURL(java.lang.String)>","$r10 = virtualinvoke $r8.<java.net.HttpURLConnection: java.io.InputStream getInputStream()>()","https://ua.supersonicads.com/api/rest/v1.1/uniqueusers?applicationKey=4cb45c0d&applicationUserId=3ae8f2f4-1b58-4ed6-816b-3ee6c7e3745e&sdkVersion=6.4.11","false","16","max-age=31557600","Not found","8","Not found"
"I/System.out(20486): URLConn","1","<com.flurry.sdk.kp: void r()>","$r23 = virtualinvoke $r4.<java.net.HttpURLConnection: java.io.InputStream getInputStream()>()","https://data.flurry.com/aap.do","true","Not found","Not found","Not found","0","Not found"
"I/System.out(20486): URLConn","2","<com.chartboost.sdk.impl.aa: org.apache.http.HttpEntity a(java.net.HttpURLConnection)>","$r1 = virtualinvoke $r0.<java.net.HttpURLConnection: java.io.InputStream getInputStream()>()","https://live.chartboost.com/api/config","true","Not found","Not found","Not found","Not found","Not found"
"I/System.out(20486): URLConn","3","<com.appintop.requests.JsonLoader: org.json.JSONObject doInBackground(java.lang.String[])>","$r15 = virtualinvoke $r13.<java.net.HttpURLConnection: java.io.InputStream getInputStream()>()","https://rtb.appintop.com/sdk/v3/credentials?platform=android&bundle=com.bestringtonesapps.freeringtonesforandroid&version=4.5.0&plugin=android&format=image&adid=3ae8f2f4-1b58-4ed6-816b-3ee6c7e3745e","true","Not found","Not found","Not found","Not found","Not found"
"I/System.out(20486): URLConn","4","<com.flurry.sdk.kp: void r()>","$r23 = virtualinvoke $r4.<java.net.HttpURLConnection: java.io.InputStream getInputStream()>()","https://data.flurry.com/aap.do","true","Not found","Not found","Not found","0","Not found"
"I/System.out(20610): URLConn","0","<com.supersonic.mediationsdk.server.HttpFunctions: java.lang.String getStringFromURL(java.lang.String)>","$r10 = virtualinvoke $r8.<java.net.HttpURLConnection: java.io.InputStream getInputStream()>()","https://ua.supersonicads.com/api/rest/v1.1/uniqueusers?applicationKey=4cb45c0d&applicationUserId=3ae8f2f4-1b58-4ed6-816b-3ee6c7e3745e&sdkVersion=6.4.11","false","16","max-age=31557600","Not found","8","Not found"
"I/System.out(20610): URLConn","1","<com.appintop.requests.JsonLoader: org.json.JSONObject doInBackground(java.lang.String[])>","$r15 = virtualinvoke $r13.<java.net.HttpURLConnection: java.io.InputStream getInputStream()>()","https://rtb.appintop.com/sdk/v3/credentials?platform=android&bundle=com.bestringtonesapps.freeringtonesforandroid&version=4.5.0&plugin=android&format=image&adid=3ae8f2f4-1b58-4ed6-816b-3ee6c7e3745e","true","Not found","Not found","Not found","Not found","Not found"
"I/System.out(20749): URLConn","0","<com.supersonic.mediationsdk.server.HttpFunctions: java.lang.String getStringFromURL(java.lang.String)>","$r10 = virtualinvoke $r8.<java.net.HttpURLConnection: java.io.InputStream getInputStream()>()","https://ua.supersonicads.com/api/rest/v1.1/uniqueusers?applicationKey=4cb45c0d&applicationUserId=3ae8f2f4-1b58-4ed6-816b-3ee6c7e3745e&sdkVersion=6.4.11","false","16","max-age=31557600","Not found","8","Not found"
"I/System.out(20749): URLConn","1","<com.flurry.sdk.kp: void r()>","$r23 = virtualinvoke $r4.<java.net.HttpURLConnection: java.io.InputStream getInputStream()>()","https://data.flurry.com/aap.do","true","Not found","Not found","Not found","0","Not found"
"I/System.out(20749): URLConn","2","<com.appintop.requests.JsonLoader: org.json.JSONObject doInBackground(java.lang.String[])>","$r15 = virtualinvoke $r13.<java.net.HttpURLConnection: java.io.InputStream getInputStream()>()","https://rtb.appintop.com/sdk/v3/credentials?platform=android&bundle=com.bestringtonesapps.freeringtonesforandroid&version=4.5.0&plugin=android&format=image&adid=3ae8f2f4-1b58-4ed6-816b-3ee6c7e3745e","true","Not found","Not found","Not found","Not found","Not found"
"I/System.out(20874): URLConn","0","<com.supersonic.mediationsdk.server.HttpFunctions: java.lang.String getStringFromURL(java.lang.String)>","$r10 = virtualinvoke $r8.<java.net.HttpURLConnection: java.io.InputStream getInputStream()>()","https://ua.supersonicads.com/api/rest/v1.1/uniqueusers?applicationKey=4cb45c0d&applicationUserId=3ae8f2f4-1b58-4ed6-816b-3ee6c7e3745e&sdkVersion=6.4.11","false","16","max-age=31557600","Not found","8","Not found"
"I/System.out(20874): URLConn","1","<com.appintop.requests.JsonLoader: org.json.JSONObject doInBackground(java.lang.String[])>","$r15 = virtualinvoke $r13.<java.net.HttpURLConnection: java.io.InputStream getInputStream()>()","https://rtb.appintop.com/sdk/v3/credentials?platform=android&bundle=com.bestringtonesapps.freeringtonesforandroid&version=4.5.0&plugin=android&format=image&adid=3ae8f2f4-1b58-4ed6-816b-3ee6c7e3745e","true","Not found","Not found","Not found","Not found","Not found"
"I/System.out(21005): URLConn","0","<com.supersonic.mediationsdk.server.HttpFunctions: java.lang.String getStringFromURL(java.lang.String)>","$r10 = virtualinvoke $r8.<java.net.HttpURLConnection: java.io.InputStream getInputStream()>()","https://ua.supersonicads.com/api/rest/v1.1/uniqueusers?applicationKey=4cb45c0d&applicationUserId=3ae8f2f4-1b58-4ed6-816b-3ee6c7e3745e&sdkVersion=6.4.11","false","16","max-age=31557600","Not found","8","Not found"
"I/System.out(21005): URLConn","1","<com.flurry.sdk.kp: void r()>","$r23 = virtualinvoke $r4.<java.net.HttpURLConnection: java.io.InputStream getInputStream()>()","https://data.flurry.com/aap.do","true","Not found","Not found","Not found","0","Not found"
"I/System.out(21005): URLConn","2","<com.appintop.requests.JsonLoader: org.json.JSONObject doInBackground(java.lang.String[])>","$r15 = virtualinvoke $r13.<java.net.HttpURLConnection: java.io.InputStream getInputStream()>()","https://rtb.appintop.com/sdk/v3/credentials?platform=android&bundle=com.bestringtonesapps.freeringtonesforandroid&version=4.5.0&plugin=android&format=image&adid=3ae8f2f4-1b58-4ed6-816b-3ee6c7e3745e","true","Not found","Not found","Not found","Not found","Not found"
"I/System.out(21672): URLConn","0","<com.android.volley.toolbox.HurlStack: org.apache.http.HttpEntity entityFromConnection(java.net.HttpURLConnection)>","$r2 = virtualinvoke $r0.<java.net.HttpURLConnection: java.io.InputStream getInputStream()>()","https://spinrilla.com/api/v1/mixtapes/new_releases?offset=0&count=10","false","Not found","must-revalidate, private, max-age=0","Not found","Not found","__cfduid=d967eb1ec0e53dd19dbec1d3d1e3472cf1523495574; expires=Fri, 12-Apr-19 01:12:54 GMT; path=/; domain=.spinrilla.com; HttpOnly"
"I/System.out(21840): URLConn","0","<com.android.volley.toolbox.HurlStack: org.apache.http.HttpEntity entityFromConnection(java.net.HttpURLConnection)>","$r2 = virtualinvoke $r0.<java.net.HttpURLConnection: java.io.InputStream getInputStream()>()","https://spinrilla.com/api/v1/mixtapes/new_releases?offset=0&count=10","false","Not found","must-revalidate, private, max-age=0","Not found","Not found","__cfduid=d4847bbea9e29e8f0f5f9c1d37bd804931523495578; expires=Fri, 12-Apr-19 01:12:58 GMT; path=/; domain=.spinrilla.com; HttpOnly"
"I/System.out(21840): URLConn","1","<com.android.volley.toolbox.HurlStack: org.apache.http.HttpEntity entityFromConnection(java.net.HttpURLConnection)>","$r2 = virtualinvoke $r0.<java.net.HttpURLConnection: java.io.InputStream getInputStream()>()","https://spinrilla.com/api/v1/mixtapes/new_releases?offset=0&count=10","false","Not found","must-revalidate, private, max-age=0","Not found","Not found","__cfduid=d13973e77e54cb600bd9355714d92970f1523495580; expires=Fri, 12-Apr-19 01:13:00 GMT; path=/; domain=.spinrilla.com; HttpOnly"
"I/System.out(21840): URLConn","2","<com.android.volley.toolbox.HurlStack: org.apache.http.HttpEntity entityFromConnection(java.net.HttpURLConnection)>","$r2 = virtualinvoke $r0.<java.net.HttpURLConnection: java.io.InputStream getInputStream()>()","https://spinrilla.com/api/v1/mixtapes/popular","false","Not found","must-revalidate, private, max-age=0","Not found","Not found","__cfduid=d5a30d215030d4fcbe7e85a658d5ceb111523495585; expires=Fri, 12-Apr-19 01:13:05 GMT; path=/; domain=.spinrilla.com; HttpOnly"
"I/System.out(21840): URLConn","3","<com.android.volley.toolbox.HurlStack: org.apache.http.HttpEntity entityFromConnection(java.net.HttpURLConnection)>","$r2 = virtualinvoke $r0.<java.net.HttpURLConnection: java.io.InputStream getInputStream()>()","https://spinrilla.com/api/v1/mixtapes/upcoming?offset=0&count=10","false","Not found","must-revalidate, private, max-age=0","Not found","Not found","__cfduid=d969cd623b186b2386bef20b32897b6061523495587; expires=Fri, 12-Apr-19 01:13:07 GMT; path=/; domain=.spinrilla.com; HttpOnly"
"I/System.out(23841): URLConn","0","<com.admarvel.android.ads.Utils: void s(android.content.Context)>","$r6 = virtualinvoke $r5.<java.net.URLConnection: java.io.InputStream getInputStream()>()","http://admarvel.s3.amazonaws.com/sdk/admarvel_android_sdk_dynamic_viewport.js","false","0","Not found","Not found","Not found","Not found"
"I/System.out(23841): URLConn","1","<com.crashlytics.android.internal.bx: java.io.InputStream f()>","$r2 = virtualinvoke $r1.<java.net.HttpURLConnection: java.io.InputStream getInputStream()>()","https://settings.crashlytics.com/spi/v2/platforms/android/apps/com.pandora.android/settings?instance=f50b14ebd40a0030934c9f582d0534595f209f05&source=1&build_version=6308&icon_hash=62f8819cb06181f36f6dcf96e8bb3f3eb048ccb2&display_version=6.3.1","false","Not found","Not found","Not found","Not found","Not found"
"I/System.out(24120): URLConn","0","<com.facebook.GraphResponse: java.util.List fromHttpConnection(java.net.HttpURLConnection,com.facebook.GraphRequestBatch)>","$r5 = virtualinvoke $r0.<java.net.HttpURLConnection: java.io.InputStream getInputStream()>()","https://graph.facebook.com/v2.4/1422245181376432?fields=supports_implicit_sdk_logging%2Cgdpv4_nux_content%2Cgdpv4_nux_enabled%2Candroid_dialog_configs%2Candroid_sdk_error_categories&format=json&sdk=android","false","Not found","private, no-cache, no-store, must-revalidate","Sat, 01 Jan 2000 00:00:00 GMT","Not found","Not found"
"I/System.out(24120): URLConn","1","<com.facebook.GraphResponse: java.util.List fromHttpConnection(java.net.HttpURLConnection,com.facebook.GraphRequestBatch)>","$r5 = virtualinvoke $r0.<java.net.HttpURLConnection: java.io.InputStream getInputStream()>()","https://graph.facebook.com/v2.4/1422245181376432/activities?format=json&sdk=android","true","16","private, no-cache, no-store, must-revalidate","Sat, 01 Jan 2000 00:00:00 GMT","Not found","Not found"
"I/System.out(24120): URLConn","2","<com.facebook.GraphResponse: java.util.List fromHttpConnection(java.net.HttpURLConnection,com.facebook.GraphRequestBatch)>","$r5 = virtualinvoke $r0.<java.net.HttpURLConnection: java.io.InputStream getInputStream()>()","https://graph.facebook.com/v2.4/1422245181376432/activities?format=json&sdk=android","true","16","private, no-cache, no-store, must-revalidate","Sat, 01 Jan 2000 00:00:00 GMT","Not found","Not found"
"I/System.out(24120): URLConn","3","<com.facebook.GraphResponse: java.util.List fromHttpConnection(java.net.HttpURLConnection,com.facebook.GraphRequestBatch)>","$r5 = virtualinvoke $r0.<java.net.HttpURLConnection: java.io.InputStream getInputStream()>()","https://graph.facebook.com/v2.4/1422245181376432/activities?format=json&sdk=android","true","16","private, no-cache, no-store, must-revalidate","Sat, 01 Jan 2000 00:00:00 GMT","Not found","Not found"
"I/System.out(24120): URLConn","4","<com.sirius.network.Networking: com.sirius.oldresponse.ModuleListResponse getAPIData(java.lang.Boolean,java.lang.String,java.lang.String,java.lang.Boolean[])>","$r41 = virtualinvoke $r36.<java.net.HttpURLConnection: java.io.InputStream getInputStream()>()","https://streamingapi.mountain.siriusxm.com/rest/v2/experience.json/modules/get/configuration?app-region=US&result-template=mobile","false","2511","Not found","Not found","Not found","incap_ses_883_987359=/CfPEM8XHFYi0YneFQxBDNeyzloAAAAAdvO2KOfl4y6WJ2+3Yh0jdg==; path=/; Domain=.mountain.siriusxm.com"
"I/System.out(24120): URLConn","5","<com.sirius.network.Networking: byte[] downloadImage(java.lang.String)>","$r10 = virtualinvoke $r8.<java.net.HttpURLConnection: java.io.InputStream getInputStream()>()","https://streamingapi.mountain.siriusxm.com/images/mobile_bgnd_custom_mix_2X.jpg","false","Not found","Not found","Not found","Not found","Not found"
"I/System.out(24120): URLConn","6","<com.sirius.network.Networking: byte[] downloadImage(java.lang.String)>","$r10 = virtualinvoke $r8.<java.net.HttpURLConnection: java.io.InputStream getInputStream()>()","https://streamingapi.mountain.siriusxm.com/images/mobile_bgnd_custom_mix_2X.jpg","false","Not found","Not found","Not found","Not found","Not found"
"I/System.out(24120): URLConn","7","<com.sirius.network.Networking: com.sirius.oldresponse.ModuleListResponse getAPIData(java.lang.Boolean,java.lang.String,java.lang.String,java.lang.Boolean[])>","$r41 = virtualinvoke $r36.<java.net.HttpURLConnection: java.io.InputStream getInputStream()>()","https://streamingapi.mountain.siriusxm.com/rest/v2/experience.json/modules/get/configuration?app-region=US&result-template=mobile","false","2511","Not found","Not found","Not found","Not found"
"I/System.out(24120): URLConn","8","<com.sirius.network.Networking: byte[] downloadImage(java.lang.String)>","$r10 = virtualinvoke $r8.<java.net.HttpURLConnection: java.io.InputStream getInputStream()>()","https://streamingapi.mountain.siriusxm.com/images/mobile_bgnd_custom_mix_2X.jpg","false","Not found","Not found","Not found","Not found","Not found"
"I/System.out(24782): URLConn","0","<bdm: java.util.List a(java.net.HttpURLConnection,bdj)>","$r4 = virtualinvoke $r0.<java.net.HttpURLConnection: java.io.InputStream getInputStream()>()","https://graph.facebook.com/v2.6/174829003346?fields=supports_implicit_sdk_logging%2Cgdpv4_nux_content%2Cgdpv4_nux_enabled%2Cgdpv4_chrome_custom_tabs_enabled%2Candroid_dialog_configs%2Candroid_sdk_error_categories%2Capp_events_session_timeout&format=json&sdk=android","false","Not found","private, no-cache, no-store, must-revalidate","Sat, 01 Jan 2000 00:00:00 GMT","Not found","Not found"
"I/System.out(24782): URLConn","1","<aqs: aql a(javax.net.ssl.HttpsURLConnection,com.adjust.sdk.ActivityPackage)>","$r6 = virtualinvoke $r0.<javax.net.ssl.HttpsURLConnection: java.io.InputStream getInputStream()>()","https://app.adjust.com/session","true","84","Not found","Not found","Not found","Not found"
"I/System.out(24782): URLConn","2","<aqs: aql a(javax.net.ssl.HttpsURLConnection,com.adjust.sdk.ActivityPackage)>","$r6 = virtualinvoke $r0.<javax.net.ssl.HttpsURLConnection: java.io.InputStream getInputStream()>()","https://app.adjust.com/event","true","84","Not found","Not found","Not found","Not found"
"I/System.out(24782): URLConn","3","<aqs: aql a(javax.net.ssl.HttpsURLConnection,com.adjust.sdk.ActivityPackage)>","$r6 = virtualinvoke $r0.<javax.net.ssl.HttpsURLConnection: java.io.InputStream getInputStream()>()","https://app.adjust.com/event","true","84","Not found","Not found","Not found","Not found"
"I/System.out(24782): URLConn","4","<aqs: aql a(javax.net.ssl.HttpsURLConnection,com.adjust.sdk.ActivityPackage)>","$r6 = virtualinvoke $r0.<javax.net.ssl.HttpsURLConnection: java.io.InputStream getInputStream()>()","https://app.adjust.com/event","true","84","Not found","Not found","Not found","Not found"
"I/System.out(24782): URLConn","5","<aqs: aql a(javax.net.ssl.HttpsURLConnection,com.adjust.sdk.ActivityPackage)>","$r6 = virtualinvoke $r0.<javax.net.ssl.HttpsURLConnection: java.io.InputStream getInputStream()>()","https://app.adjust.com/event","true","84","Not found","Not found","Not found","Not found"
"I/System.out(24782): URLConn","6","<aqs: aql a(javax.net.ssl.HttpsURLConnection,com.adjust.sdk.ActivityPackage)>","$r6 = virtualinvoke $r0.<javax.net.ssl.HttpsURLConnection: java.io.InputStream getInputStream()>()","https://app.adjust.com/event","true","84","Not found","Not found","Not found","Not found"
"I/System.out(24782): URLConn","7","<aqs: aql a(javax.net.ssl.HttpsURLConnection,com.adjust.sdk.ActivityPackage)>","$r6 = virtualinvoke $r0.<javax.net.ssl.HttpsURLConnection: java.io.InputStream getInputStream()>()","https://app.adjust.com/event","true","70","Not found","Not found","Not found","Not found"
"I/System.out(24782): URLConn","8","<aqs: aql a(javax.net.ssl.HttpsURLConnection,com.adjust.sdk.ActivityPackage)>","$r6 = virtualinvoke $r0.<javax.net.ssl.HttpsURLConnection: java.io.InputStream getInputStream()>()","https://app.adjust.com/event","true","70","Not found","Not found","Not found","Not found"
"I/System.out(24782): URLConn","9","<aqs: aql a(javax.net.ssl.HttpsURLConnection,com.adjust.sdk.ActivityPackage)>","$r6 = virtualinvoke $r0.<javax.net.ssl.HttpsURLConnection: java.io.InputStream getInputStream()>()","https://app.adjust.com/event","true","70","Not found","Not found","Not found","Not found"
"I/System.out(24782): URLConn","10","<aqs: aql a(javax.net.ssl.HttpsURLConnection,com.adjust.sdk.ActivityPackage)>","$r6 = virtualinvoke $r0.<javax.net.ssl.HttpsURLConnection: java.io.InputStream getInputStream()>()","https://app.adjust.com/event","true","70","Not found","Not found","Not found","Not found"
"I/System.out(24782): URLConn","11","<aqs: aql a(javax.net.ssl.HttpsURLConnection,com.adjust.sdk.ActivityPackage)>","$r6 = virtualinvoke $r0.<javax.net.ssl.HttpsURLConnection: java.io.InputStream getInputStream()>()","https://app.adjust.com/event","true","70","Not found","Not found","Not found","Not found"
"I/System.out(24782): URLConn","12","<aqs: aql a(javax.net.ssl.HttpsURLConnection,com.adjust.sdk.ActivityPackage)>","$r6 = virtualinvoke $r0.<javax.net.ssl.HttpsURLConnection: java.io.InputStream getInputStream()>()","https://app.adjust.com/event","true","70","Not found","Not found","Not found","Not found"
"I/System.out(24782): URLConn","13","<aqs: aql a(javax.net.ssl.HttpsURLConnection,com.adjust.sdk.ActivityPackage)>","$r6 = virtualinvoke $r0.<javax.net.ssl.HttpsURLConnection: java.io.InputStream getInputStream()>()","https://app.adjust.com/event","true","70","Not found","Not found","Not found","Not found"
"I/System.out(24782): URLConn","14","<aqs: aql a(javax.net.ssl.HttpsURLConnection,com.adjust.sdk.ActivityPackage)>","$r6 = virtualinvoke $r0.<javax.net.ssl.HttpsURLConnection: java.io.InputStream getInputStream()>()","https://app.adjust.com/event","true","70","Not found","Not found","Not found","Not found"
"I/System.out(24782): URLConn","15","<aqs: aql a(javax.net.ssl.HttpsURLConnection,com.adjust.sdk.ActivityPackage)>","$r6 = virtualinvoke $r0.<javax.net.ssl.HttpsURLConnection: java.io.InputStream getInputStream()>()","https://app.adjust.com/event","true","70","Not found","Not found","Not found","Not found"
"I/System.out(24782): URLConn","16","<aqs: aql a(javax.net.ssl.HttpsURLConnection,com.adjust.sdk.ActivityPackage)>","$r6 = virtualinvoke $r0.<javax.net.ssl.HttpsURLConnection: java.io.InputStream getInputStream()>()","https://app.adjust.com/event","true","70","Not found","Not found","Not found","Not found"
"I/System.out(24782): URLConn","17","<aqs: aql a(javax.net.ssl.HttpsURLConnection,com.adjust.sdk.ActivityPackage)>","$r6 = virtualinvoke $r0.<javax.net.ssl.HttpsURLConnection: java.io.InputStream getInputStream()>()","https://app.adjust.com/event","true","70","Not found","Not found","Not found","Not found"
"I/System.out(24782): URLConn","18","<aqs: aql a(javax.net.ssl.HttpsURLConnection,com.adjust.sdk.ActivityPackage)>","$r6 = virtualinvoke $r0.<javax.net.ssl.HttpsURLConnection: java.io.InputStream getInputStream()>()","https://app.adjust.com/event","true","70","Not found","Not found","Not found","Not found"
"I/System.out(24782): URLConn","19","<aqs: aql a(javax.net.ssl.HttpsURLConnection,com.adjust.sdk.ActivityPackage)>","$r6 = virtualinvoke $r0.<javax.net.ssl.HttpsURLConnection: java.io.InputStream getInputStream()>()","https://app.adjust.com/event","true","70","Not found","Not found","Not found","Not found"
"I/System.out(24782): URLConn","20","<aqs: aql a(javax.net.ssl.HttpsURLConnection,com.adjust.sdk.ActivityPackage)>","$r6 = virtualinvoke $r0.<javax.net.ssl.HttpsURLConnection: java.io.InputStream getInputStream()>()","https://app.adjust.com/event","true","70","Not found","Not found","Not found","Not found"
"I/System.out(24782): URLConn","21","<aqs: aql a(javax.net.ssl.HttpsURLConnection,com.adjust.sdk.ActivityPackage)>","$r6 = virtualinvoke $r0.<javax.net.ssl.HttpsURLConnection: java.io.InputStream getInputStream()>()","https://app.adjust.com/event","true","70","Not found","Not found","Not found","Not found"
"I/System.out(24782): URLConn","22","<aqs: aql a(javax.net.ssl.HttpsURLConnection,com.adjust.sdk.ActivityPackage)>","$r6 = virtualinvoke $r0.<javax.net.ssl.HttpsURLConnection: java.io.InputStream getInputStream()>()","https://app.adjust.com/event","true","70","Not found","Not found","Not found","Not found"
"I/System.out(24782): URLConn","23","<aqs: aql a(javax.net.ssl.HttpsURLConnection,com.adjust.sdk.ActivityPackage)>","$r6 = virtualinvoke $r0.<javax.net.ssl.HttpsURLConnection: java.io.InputStream getInputStream()>()","https://app.adjust.com/event","true","70","Not found","Not found","Not found","Not found"
"I/System.out(24782): URLConn","24","<aqs: aql a(javax.net.ssl.HttpsURLConnection,com.adjust.sdk.ActivityPackage)>","$r6 = virtualinvoke $r0.<javax.net.ssl.HttpsURLConnection: java.io.InputStream getInputStream()>()","https://app.adjust.com/event","true","70","Not found","Not found","Not found","Not found"
"I/System.out(24782): URLConn","25","<aqs: aql a(javax.net.ssl.HttpsURLConnection,com.adjust.sdk.ActivityPackage)>","$r6 = virtualinvoke $r0.<javax.net.ssl.HttpsURLConnection: java.io.InputStream getInputStream()>()","https://app.adjust.com/event","true","70","Not found","Not found","Not found","Not found"
"I/System.out(24782): URLConn","26","<aqs: aql a(javax.net.ssl.HttpsURLConnection,com.adjust.sdk.ActivityPackage)>","$r6 = virtualinvoke $r0.<javax.net.ssl.HttpsURLConnection: java.io.InputStream getInputStream()>()","https://app.adjust.com/event","true","70","Not found","Not found","Not found","Not found"
"I/System.out(24782): URLConn","27","<aqs: aql a(javax.net.ssl.HttpsURLConnection,com.adjust.sdk.ActivityPackage)>","$r6 = virtualinvoke $r0.<javax.net.ssl.HttpsURLConnection: java.io.InputStream getInputStream()>()","https://app.adjust.com/event","true","70","Not found","Not found","Not found","Not found"
"I/System.out(24782): URLConn","28","<aqs: aql a(javax.net.ssl.HttpsURLConnection,com.adjust.sdk.ActivityPackage)>","$r6 = virtualinvoke $r0.<javax.net.ssl.HttpsURLConnection: java.io.InputStream getInputStream()>()","https://app.adjust.com/event","true","70","Not found","Not found","Not found","Not found"
"I/System.out(24782): URLConn","29","<aqs: aql a(javax.net.ssl.HttpsURLConnection,com.adjust.sdk.ActivityPackage)>","$r6 = virtualinvoke $r0.<javax.net.ssl.HttpsURLConnection: java.io.InputStream getInputStream()>()","https://app.adjust.com/event","true","70","Not found","Not found","Not found","Not found"
"I/System.out(24782): URLConn","30","<aqs: aql a(javax.net.ssl.HttpsURLConnection,com.adjust.sdk.ActivityPackage)>","$r6 = virtualinvoke $r0.<javax.net.ssl.HttpsURLConnection: java.io.InputStream getInputStream()>()","https://app.adjust.com/event","true","70","Not found","Not found","Not found","Not found"
"I/System.out(24782): URLConn","31","<aqs: aql a(javax.net.ssl.HttpsURLConnection,com.adjust.sdk.ActivityPackage)>","$r6 = virtualinvoke $r0.<javax.net.ssl.HttpsURLConnection: java.io.InputStream getInputStream()>()","https://app.adjust.com/event","true","70","Not found","Not found","Not found","Not found"
"I/System.out(24782): URLConn","32","<aqs: aql a(javax.net.ssl.HttpsURLConnection,com.adjust.sdk.ActivityPackage)>","$r6 = virtualinvoke $r0.<javax.net.ssl.HttpsURLConnection: java.io.InputStream getInputStream()>()","https://app.adjust.com/event","true","70","Not found","Not found","Not found","Not found"
"I/System.out(25371): URLConn","0","<com.applovin.impl.sdk.y: boolean a(java.io.File,java.lang.String)>","$r17 = virtualinvoke $r15.<java.net.HttpURLConnection: java.io.InputStream getInputStream()>()","http://pdn.applovin.com/closeOptOut.png","false","720","public, max-age=604800","Thu, 19 Apr 2018 01:15:11 GMT","Not found","Not found"
"I/System.out(25371): URLConn","1","<com.applovin.impl.sdk.y: boolean a(java.io.File,java.lang.String)>","$r17 = virtualinvoke $r15.<java.net.HttpURLConnection: java.io.InputStream getInputStream()>()","http://img.applovin.com/1381250003_28x28.png","false","539","public, max-age=604800","Thu, 19 Apr 2018 01:15:11 GMT","Not found","Not found"
"I/System.out(25371): URLConn","2","<com.applovin.impl.sdk.y: boolean a(java.io.File,java.lang.String)>","$r17 = virtualinvoke $r15.<java.net.HttpURLConnection: java.io.InputStream getInputStream()>()","http://assets.applovin.com/jquery-2.1.1.min.js","false","84248","max-age=604800","Thu, 19 Apr 2018 01:15:11 GMT","Not found","Not found"
"I/System.out(25371): URLConn","3","<com.applovin.impl.sdk.y: boolean a(java.io.File,java.lang.String)>","$r17 = virtualinvoke $r15.<java.net.HttpURLConnection: java.io.InputStream getInputStream()>()","http://assets.applovin.com/playable/c2_pathfind_02.min.js","false","6389","max-age=604800","Thu, 19 Apr 2018 01:15:11 GMT","Not found","Not found"
"I/System.out(25371): URLConn","4","<com.applovin.impl.sdk.y: boolean a(java.io.File,java.lang.String)>","$r17 = virtualinvoke $r15.<java.net.HttpURLConnection: java.io.InputStream getInputStream()>()","http://assets.applovin.com/playable/playable_fallback.png","false","6327","max-age=604800","Thu, 19 Apr 2018 01:15:11 GMT","Not found","Not found"
"I/System.out(25371): URLConn","5","<com.applovin.impl.sdk.y: boolean a(java.io.File,java.lang.String)>","$r17 = virtualinvoke $r15.<java.net.HttpURLConnection: java.io.InputStream getInputStream()>()","http://assets.applovin.com/playable/playable_close.png","false","519","max-age=604800","Thu, 19 Apr 2018 01:15:11 GMT","Not found","Not found"
"I/System.out(25371): URLConn","6","<com.applovin.impl.sdk.y: boolean a(java.io.File,java.lang.String)>","$r17 = virtualinvoke $r15.<java.net.HttpURLConnection: java.io.InputStream getInputStream()>()","http://assets.applovin.com/playable/BlockPuzzleWood_V1_p_07.js","false","3680467","max-age=604800","Thu, 19 Apr 2018 01:15:11 GMT","Not found","Not found"
"I/System.out(25371): URLConn","7","<com.applovin.impl.sdk.y: boolean a(java.io.File,java.lang.String)>","$r17 = virtualinvoke $r15.<java.net.HttpURLConnection: java.io.InputStream getInputStream()>()","http://assets.applovin.com/playable/playable_loader.gif","false","34761","max-age=604800","Thu, 19 Apr 2018 01:15:14 GMT","Not found","Not found"
"I/System.out(25371): URLConn","8","<com.applovin.impl.sdk.y: boolean a(java.io.File,java.lang.String)>","$r17 = virtualinvoke $r15.<java.net.HttpURLConnection: java.io.InputStream getInputStream()>()","http://res1.applovin.com/o75b78fa/f20d1763f1f51fbe56b847a318894ef24c471cac_v21_phone.jpeg","false","53335","max-age=604800","Thu, 19 Apr 2018 01:15:14 GMT","Not found","Not found"
"I/System.out(25371): URLConn","9","<com.applovin.impl.sdk.y: boolean a(java.io.File,java.lang.String)>","$r17 = virtualinvoke $r15.<java.net.HttpURLConnection: java.io.InputStream getInputStream()>()","http://res1.applovin.com/o75b78fa/b4ac87a409d291af0f390b7e5fcd27f1d971a624_v23_phone.mp4","false","491042","max-age=604800","Thu, 19 Apr 2018 01:15:14 GMT","Not found","Not found"
"I/System.out(25371): URLConn","10","<com.applovin.impl.sdk.y: boolean a(java.io.File,java.lang.String)>","$r17 = virtualinvoke $r15.<java.net.HttpURLConnection: java.io.InputStream getInputStream()>()","http://assets.applovin.com/sound_off.png","false","6592","max-age=604800","Thu, 19 Apr 2018 01:15:15 GMT","Not found","Not found"
"I/System.out(25371): URLConn","11","<com.applovin.impl.sdk.y: boolean a(java.io.File,java.lang.String)>","$r17 = virtualinvoke $r15.<java.net.HttpURLConnection: java.io.InputStream getInputStream()>()","http://assets.applovin.com/sound_on.png","false","5483","max-age=604800","Thu, 19 Apr 2018 01:15:15 GMT","Not found","Not found"
"I/System.out(26397): URLConn","0","<com.android.volley.toolbox.HurlStack: org.apache.http.HttpEntity entityFromConnection(java.net.HttpURLConnection)>","$r2 = virtualinvoke $r0.<java.net.HttpURLConnection: java.io.InputStream getInputStream()>()","https://opml.radiotime.com/Config.ashx?orientation=LANDSCAPE&latlon=&device=TABLET&partnerId=xwhZkVKi&provider=ggl&resolution=1280%2C720&mode=noconf&version=17.1&render=json&serial=b2867c47-b023-469b-b5d3-03a78ddaa45a&con=wifi&c=autoupdate%2Cads%2Cunlock&isFirstLaunch=true&adId=3ae8f2f4-1b58-4ed6-816b-3ee6c7e3745e&srctag=splashScreen","false","Not found","private","Not found","Not found","platform_180-1=605831178.20736.0000; expires=Thu, 12-Apr-2018 01:18:57 GMT; path=/; Httponly; Secure"
"I/System.out(26397): URLConn","1","<com.android.volley.toolbox.HurlStack: org.apache.http.HttpEntity entityFromConnection(java.net.HttpURLConnection)>","$r2 = virtualinvoke $r0.<java.net.HttpURLConnection: java.io.InputStream getInputStream()>()","http://opml.radiotime.com/Report.ashx?c=eventlist&orientation=LANDSCAPE&latlon=&device=TABLET&partnerId=xwhZkVKi&provider=ggl&resolution=1280%2C720&version=17.1&render=json&serial=b2867c47-b023-469b-b5d3-03a78ddaa45a&con=wifi","true","Not found","private","Not found","Not found","platform_180-1=538722314.20480.0000; expires=Thu, 12-Apr-2018 01:18:57 GMT; path=/; Httponly"
"I/System.out(26397): URLConn","2","<com.android.volley.toolbox.HurlStack: org.apache.http.HttpEntity entityFromConnection(java.net.HttpURLConnection)>","$r2 = virtualinvoke $r0.<java.net.HttpURLConnection: java.io.InputStream getInputStream()>()","http://opml.radiotime.com/Report.ashx?c=eventlist&orientation=LANDSCAPE&latlon=&device=TABLET&partnerId=xwhZkVKi&provider=ggl&resolution=1280%2C720&version=17.1&render=json&serial=b2867c47-b023-469b-b5d3-03a78ddaa45a&con=wifi","true","Not found","private","Not found","Not found","platform_180-1=538722314.20480.0000; expires=Thu, 12-Apr-2018 01:18:57 GMT; path=/; Httponly"
"I/System.out(26397): URLConn","3","<com.android.volley.toolbox.HurlStack: org.apache.http.HttpEntity entityFromConnection(java.net.HttpURLConnection)>","$r2 = virtualinvoke $r0.<java.net.HttpURLConnection: java.io.InputStream getInputStream()>()","http://opml.radiotime.com/Report.ashx?c=eventlist&orientation=LANDSCAPE&latlon=&device=TABLET&partnerId=xwhZkVKi&provider=ggl&resolution=1280%2C720&version=17.1&render=json&serial=b2867c47-b023-469b-b5d3-03a78ddaa45a&con=wifi","true","Not found","private","Not found","Not found","platform_180-1=538722314.20480.0000; expires=Thu, 12-Apr-2018 01:18:58 GMT; path=/; Httponly"
"I/System.out(26397): URLConn","4","<com.android.volley.toolbox.HurlStack: org.apache.http.HttpEntity entityFromConnection(java.net.HttpURLConnection)>","$r2 = virtualinvoke $r0.<java.net.HttpURLConnection: java.io.InputStream getInputStream()>()","http://opml.radiotime.com/Report.ashx?c=eventlist&orientation=LANDSCAPE&latlon=&device=TABLET&partnerId=xwhZkVKi&provider=ggl&resolution=1280%2C720&version=17.1&render=json&serial=b2867c47-b023-469b-b5d3-03a78ddaa45a&con=wifi","true","Not found","private","Not found","Not found","platform_180-1=538722314.20480.0000; expires=Thu, 12-Apr-2018 01:18:58 GMT; path=/; Httponly"
"I/System.out(26397): URLConn","5","<com.android.volley.toolbox.HurlStack: org.apache.http.HttpEntity entityFromConnection(java.net.HttpURLConnection)>","$r2 = virtualinvoke $r0.<java.net.HttpURLConnection: java.io.InputStream getInputStream()>()","http://opml.radiotime.com/Report.ashx?c=eventlist&orientation=LANDSCAPE&latlon=&device=TABLET&partnerId=xwhZkVKi&provider=ggl&resolution=1280%2C720&version=17.1&render=json&serial=b2867c47-b023-469b-b5d3-03a78ddaa45a&con=wifi","true","Not found","private","Not found","Not found","platform_180-1=538722314.20480.0000; expires=Thu, 12-Apr-2018 01:18:58 GMT; path=/; Httponly"
"I/System.out(26397): URLConn","6","<com.android.volley.toolbox.HurlStack: org.apache.http.HttpEntity entityFromConnection(java.net.HttpURLConnection)>","$r2 = virtualinvoke $r0.<java.net.HttpURLConnection: java.io.InputStream getInputStream()>()","http://opml.radiotime.com/Report.ashx?c=eventlist&orientation=LANDSCAPE&latlon=&device=TABLET&partnerId=xwhZkVKi&provider=ggl&resolution=1280%2C720&version=17.1&render=json&serial=b2867c47-b023-469b-b5d3-03a78ddaa45a&con=wifi","true","Not found","private","Not found","Not found","platform_180-1=538722314.20480.0000; expires=Thu, 12-Apr-2018 01:18:58 GMT; path=/; Httponly"
"I/System.out(26397): URLConn","7","<com.android.volley.toolbox.HurlStack: org.apache.http.HttpEntity entityFromConnection(java.net.HttpURLConnection)>","$r2 = virtualinvoke $r0.<java.net.HttpURLConnection: java.io.InputStream getInputStream()>()","http://opml.radiotime.com/Report.ashx?c=eventlist&orientation=LANDSCAPE&latlon=&device=TABLET&partnerId=xwhZkVKi&provider=ggl&resolution=1280%2C720&version=17.1&render=json&serial=b2867c47-b023-469b-b5d3-03a78ddaa45a&con=wifi","true","Not found","private","Not found","Not found","platform_180-1=538722314.20480.0000; expires=Thu, 12-Apr-2018 01:18:59 GMT; path=/; Httponly"
"I/System.out(26397): URLConn","8","<com.android.volley.toolbox.HurlStack: org.apache.http.HttpEntity entityFromConnection(java.net.HttpURLConnection)>","$r2 = virtualinvoke $r0.<java.net.HttpURLConnection: java.io.InputStream getInputStream()>()","http://opml.radiotime.com/Report.ashx?c=eventlist&orientation=LANDSCAPE&latlon=&device=TABLET&partnerId=xwhZkVKi&provider=ggl&resolution=1280%2C720&version=17.1&render=json&serial=b2867c47-b023-469b-b5d3-03a78ddaa45a&con=wifi","true","Not found","private","Not found","Not found","platform_180-1=538722314.20480.0000; expires=Thu, 12-Apr-2018 01:18:59 GMT; path=/; Httponly"
"I/System.out(26397): URLConn","9","<com.android.volley.toolbox.HurlStack: org.apache.http.HttpEntity entityFromConnection(java.net.HttpURLConnection)>","$r2 = virtualinvoke $r0.<java.net.HttpURLConnection: java.io.InputStream getInputStream()>()","http://opml.radiotime.com/Report.ashx?c=eventlist&orientation=LANDSCAPE&latlon=&device=TABLET&partnerId=xwhZkVKi&provider=ggl&resolution=1280%2C720&version=17.1&render=json&serial=b2867c47-b023-469b-b5d3-03a78ddaa45a&con=wifi","true","Not found","private","Not found","Not found","platform_180-1=538722314.20480.0000; expires=Thu, 12-Apr-2018 01:18:59 GMT; path=/; Httponly"
"I/System.out(26397): URLConn","10","<com.android.volley.toolbox.HurlStack: org.apache.http.HttpEntity entityFromConnection(java.net.HttpURLConnection)>","$r2 = virtualinvoke $r0.<java.net.HttpURLConnection: java.io.InputStream getInputStream()>()","http://opml.radiotime.com/Report.ashx?c=eventlist&orientation=LANDSCAPE&latlon=&device=TABLET&partnerId=xwhZkVKi&provider=ggl&resolution=1280%2C720&version=17.1&render=json&serial=b2867c47-b023-469b-b5d3-03a78ddaa45a&con=wifi","true","Not found","private","Not found","Not found","platform_180-1=538722314.20480.0000; expires=Thu, 12-Apr-2018 01:18:59 GMT; path=/; Httponly"
"I/System.out(26397): URLConn","11","<com.facebook.Response: java.util.List fromHttpConnection(java.net.HttpURLConnection,com.facebook.RequestBatch)>","$r11 = virtualinvoke $r0.<java.net.HttpURLConnection: java.io.InputStream getInputStream()>()","https://graph.facebook.com/v2.2/157627720928660?fields=supports_attribution%2Csupports_implicit_sdk_logging%2Cgdpv4_nux_content%2Cgdpv4_nux_enabled%2Candroid_dialog_configs&format=json&sdk=android","false","Not found","private, no-cache, no-store, must-revalidate","Sat, 01 Jan 2000 00:00:00 GMT","Not found","Not found"
"I/System.out(26397): URLConn","12","<com.android.volley.toolbox.HurlStack: org.apache.http.HttpEntity entityFromConnection(java.net.HttpURLConnection)>","$r2 = virtualinvoke $r0.<java.net.HttpURLConnection: java.io.InputStream getInputStream()>()","https://api.radiotime.com/categories/home?viewmodel=true&orientation=LANDSCAPE&latlon=&device=TABLET&partnerId=xwhZkVKi&provider=ggl&resolution=1280%2C720&version=17.1&render=json&serial=b2867c47-b023-469b-b5d3-03a78ddaa45a&con=wifi","false","Not found","private","Not found","Not found","f5avrbbbbbbbbbbbbbbbb=GGOCAJPPLNJHBICKOMNBPJPBHMBNGEOMGFAJKIGHKHACAFKCNDHLDBJHJOPPDDGLJMCDMPIHEDAHBEJKALBAKBMCALDBFFNFGIJAAAHLHHNHNHJNBILFKFMDDLCGOJNG; HttpOnly; secure"
"I/System.out(26578): URLConn","0","<com.facebook.Response: java.util.List fromHttpConnection(java.net.HttpURLConnection,com.facebook.RequestBatch)>","$r11 = virtualinvoke $r0.<java.net.HttpURLConnection: java.io.InputStream getInputStream()>()","https://graph.facebook.com/v2.2/157627720928660?fields=supports_attribution%2Csupports_implicit_sdk_logging%2Cgdpv4_nux_content%2Cgdpv4_nux_enabled%2Candroid_dialog_configs&format=json&sdk=android","false","Not found","private, no-cache, no-store, must-revalidate","Sat, 01 Jan 2000 00:00:00 GMT","Not found","Not found"
"I/System.out(26659): URLConn","0","<com.facebook.Response: java.util.List fromHttpConnection(java.net.HttpURLConnection,com.facebook.RequestBatch)>","$r11 = virtualinvoke $r0.<java.net.HttpURLConnection: java.io.InputStream getInputStream()>()","https://graph.facebook.com/v2.2/157627720928660?fields=supports_attribution%2Csupports_implicit_sdk_logging%2Cgdpv4_nux_content%2Cgdpv4_nux_enabled%2Candroid_dialog_configs&format=json&sdk=android","false","Not found","private, no-cache, no-store, must-revalidate","Sat, 01 Jan 2000 00:00:00 GMT","Not found","Not found"
"I/System.out(26726): URLConn","0","<com.android.volley.toolbox.HurlStack: org.apache.http.HttpEntity entityFromConnection(java.net.HttpURLConnection)>","$r2 = virtualinvoke $r0.<java.net.HttpURLConnection: java.io.InputStream getInputStream()>()","http://opml.radiotime.com/Report.ashx?c=eventlist&orientation=LANDSCAPE&latlon=&device=TABLET&partnerId=xwhZkVKi&provider=ggl&resolution=1280%2C720&version=17.1&render=json&serial=b2867c47-b023-469b-b5d3-03a78ddaa45a&con=wifi","true","Not found","private","Not found","Not found","platform_180-1=538722314.20480.0000; expires=Thu, 12-Apr-2018 01:19:03 GMT; path=/; Httponly"
"I/System.out(26726): URLConn","1","<com.facebook.Response: java.util.List fromHttpConnection(java.net.HttpURLConnection,com.facebook.RequestBatch)>","$r11 = virtualinvoke $r0.<java.net.HttpURLConnection: java.io.InputStream getInputStream()>()","https://graph.facebook.com/v2.2/157627720928660?fields=supports_attribution%2Csupports_implicit_sdk_logging%2Cgdpv4_nux_content%2Cgdpv4_nux_enabled%2Candroid_dialog_configs&format=json&sdk=android","false","Not found","private, no-cache, no-store, must-revalidate","Sat, 01 Jan 2000 00:00:00 GMT","Not found","Not found"
"I/System.out(26726): URLConn","2","<com.android.volley.toolbox.HurlStack: org.apache.http.HttpEntity entityFromConnection(java.net.HttpURLConnection)>","$r2 = virtualinvoke $r0.<java.net.HttpURLConnection: java.io.InputStream getInputStream()>()","http://opml.radiotime.com/Report.ashx?c=eventlist&orientation=LANDSCAPE&latlon=&device=TABLET&partnerId=xwhZkVKi&provider=ggl&resolution=1280%2C720&version=17.1&render=json&serial=b2867c47-b023-469b-b5d3-03a78ddaa45a&con=wifi","true","Not found","private","Not found","Not found","platform_180-1=538722314.20480.0000; expires=Thu, 12-Apr-2018 01:19:03 GMT; path=/; Httponly"
"I/System.out(26726): URLConn","3","<com.android.volley.toolbox.HurlStack: org.apache.http.HttpEntity entityFromConnection(java.net.HttpURLConnection)>","$r2 = virtualinvoke $r0.<java.net.HttpURLConnection: java.io.InputStream getInputStream()>()","https://api.radiotime.com/categories/home?viewmodel=true&orientation=LANDSCAPE&latlon=&device=TABLET&partnerId=xwhZkVKi&provider=ggl&resolution=1280%2C720&version=17.1&render=json&serial=b2867c47-b023-469b-b5d3-03a78ddaa45a&con=wifi","false","Not found","private","Not found","Not found","f5avrbbbbbbbbbbbbbbbb=DLJHFLJPKDDMEGGLDAOBNFOKOPGNNDHEFAFDPCOEDKENCDAKAKJHPFPENAOPFLIEFJKDLLIFIDPJODAMKLFAOJINALHDFJGHHDKHFILIDPFFDFCMMEJMJJAGKOGPKOIF; HttpOnly; secure"
"I/System.out(26726): URLConn","4","<com.android.volley.toolbox.HurlStack: org.apache.http.HttpEntity entityFromConnection(java.net.HttpURLConnection)>","$r2 = virtualinvoke $r0.<java.net.HttpURLConnection: java.io.InputStream getInputStream()>()","http://cdn-cms.tunein.com/service/Banners/Music/byran.jpg","false","21598","public, max-age=3600","Thu, 12 Apr 2018 02:16:04 GMT","Not found","__cfduid=d881dbf8e0ade7372a14ad4aa25c3c2df1523495764; expires=Fri, 12-Apr-19 01:16:04 GMT; path=/; domain=.tunein.com; HttpOnly"
"I/System.out(26726): URLConn","5","<com.android.volley.toolbox.HurlStack: org.apache.http.HttpEntity entityFromConnection(java.net.HttpURLConnection)>","$r2 = virtualinvoke $r0.<java.net.HttpURLConnection: java.io.InputStream getInputStream()>()","http://cdn-cms.tunein.com/service/Banners/MLB/MLB_REGULAR_SEASON_EVERGREEN_328X168.jpg","false","51823","public, max-age=3600","Thu, 12 Apr 2018 02:16:04 GMT","Not found","__cfduid=dbbb3a0a343d69580013e8f7fd8d7a6f31523495764; expires=Fri, 12-Apr-19 01:16:04 GMT; path=/; domain=.tunein.com; HttpOnly"
"I/System.out(26726): URLConn","6","<com.android.volley.toolbox.HurlStack: org.apache.http.HttpEntity entityFromConnection(java.net.HttpURLConnection)>","$r2 = virtualinvoke $r0.<java.net.HttpURLConnection: java.io.InputStream getInputStream()>()","http://cdn-cms.tunein.com/service/Banners/NHL/NHL_PLAYOFFS_Flyers_Penguins_328X168.jpg","false","48176","public, max-age=3600","Thu, 12 Apr 2018 02:16:04 GMT","Not found","__cfduid=dbae1e71c55fb935d5994eec762fc00811523495764; expires=Fri, 12-Apr-19 01:16:04 GMT; path=/; domain=.tunein.com; HttpOnly"
"I/System.out(26726): URLConn","7","<com.android.volley.toolbox.HurlStack: org.apache.http.HttpEntity entityFromConnection(java.net.HttpURLConnection)>","$r2 = virtualinvoke $r0.<java.net.HttpURLConnection: java.io.InputStream getInputStream()>()","http://cdn-profiles.tunein.com/s20407/images/brickg.jpg?t=636590416300000000","false","20161","public, max-age=86400","Fri, 13 Apr 2018 01:16:04 GMT","Not found","__cfduid=da64a897ca2de88d125a818c5130011911523495764; expires=Fri, 12-Apr-19 01:16:04 GMT; path=/; domain=.tunein.com; HttpOnly"
"I/System.out(26726): URLConn","8","<com.android.volley.toolbox.HurlStack: org.apache.http.HttpEntity entityFromConnection(java.net.HttpURLConnection)>","$r2 = virtualinvoke $r0.<java.net.HttpURLConnection: java.io.InputStream getInputStream()>()","http://cdn-profiles.tunein.com/p858626/images/brickg.jpg?t=636590460560000000","false","23022","public, max-age=86400","Fri, 13 Apr 2018 01:16:04 GMT","Not found","Not found"
"I/System.out(26726): URLConn","9","<com.android.volley.toolbox.HurlStack: org.apache.http.HttpEntity entityFromConnection(java.net.HttpURLConnection)>","$r2 = virtualinvoke $r0.<java.net.HttpURLConnection: java.io.InputStream getInputStream()>()","http://cdn-profiles.tunein.com/s297990/images/brickg.jpg?t=636590418200000000","false","18668","public, max-age=86400","Fri, 13 Apr 2018 01:16:04 GMT","Not found","Not found"
"I/System.out(26726): URLConn","10","<com.android.volley.toolbox.HurlStack: org.apache.http.HttpEntity entityFromConnection(java.net.HttpURLConnection)>","$r2 = virtualinvoke $r0.<java.net.HttpURLConnection: java.io.InputStream getInputStream()>()","http://cdn-profiles.tunein.com/p364321/images/brickg.jpg?t=636590213040000000","false","20032","public, max-age=86400","Fri, 13 Apr 2018 01:16:04 GMT","Not found","Not found"
"I/System.out(26726): URLConn","11","<com.android.volley.toolbox.HurlStack: org.apache.http.HttpEntity entityFromConnection(java.net.HttpURLConnection)>","$r2 = virtualinvoke $r0.<java.net.HttpURLConnection: java.io.InputStream getInputStream()>()","http://opml.radiotime.com/Report.ashx?c=eventlist&orientation=LANDSCAPE&latlon=&device=TABLET&partnerId=xwhZkVKi&provider=ggl&resolution=1280%2C720&version=17.1&render=json&serial=b2867c47-b023-469b-b5d3-03a78ddaa45a&con=wifi","true","Not found","private","Not found","Not found","platform_180-1=538722314.20480.0000; expires=Thu, 12-Apr-2018 01:19:04 GMT; path=/; Httponly"
"I/System.out(26726): URLConn","12","<com.android.volley.toolbox.HurlStack: org.apache.http.HttpEntity entityFromConnection(java.net.HttpURLConnection)>","$r2 = virtualinvoke $r0.<java.net.HttpURLConnection: java.io.InputStream getInputStream()>()","http://opml.radiotime.com/Report.ashx?c=eventlist&orientation=LANDSCAPE&latlon=&device=TABLET&partnerId=xwhZkVKi&provider=ggl&resolution=1280%2C720&version=17.1&render=json&serial=b2867c47-b023-469b-b5d3-03a78ddaa45a&con=wifi","true","Not found","private","Not found","Not found","platform_180-1=538722314.20480.0000; expires=Thu, 12-Apr-2018 01:19:04 GMT; path=/; Httponly"
"I/System.out(26726): URLConn","13","<com.android.volley.toolbox.HurlStack: org.apache.http.HttpEntity entityFromConnection(java.net.HttpURLConnection)>","$r2 = virtualinvoke $r0.<java.net.HttpURLConnection: java.io.InputStream getInputStream()>()","http://opml.radiotime.com/Report.ashx?c=eventlist&orientation=LANDSCAPE&latlon=&device=TABLET&partnerId=xwhZkVKi&provider=ggl&resolution=1280%2C720&version=17.1&render=json&serial=b2867c47-b023-469b-b5d3-03a78ddaa45a&con=wifi","true","Not found","private","Not found","Not found","platform_180-1=538722314.20480.0000; expires=Thu, 12-Apr-2018 01:19:05 GMT; path=/; Httponly"
"I/System.out(26726): URLConn","14","<com.android.volley.toolbox.HurlStack: org.apache.http.HttpEntity entityFromConnection(java.net.HttpURLConnection)>","$r2 = virtualinvoke $r0.<java.net.HttpURLConnection: java.io.InputStream getInputStream()>()","http://opml.radiotime.com/Report.ashx?c=eventlist&orientation=LANDSCAPE&latlon=&device=TABLET&partnerId=xwhZkVKi&provider=ggl&resolution=1280%2C720&version=17.1&render=json&serial=b2867c47-b023-469b-b5d3-03a78ddaa45a&con=wifi","true","Not found","private","Not found","Not found","platform_180-1=538722314.20480.0000; expires=Thu, 12-Apr-2018 01:19:06 GMT; path=/; Httponly"
"I/System.out(26726): URLConn","15","<com.android.volley.toolbox.HurlStack: org.apache.http.HttpEntity entityFromConnection(java.net.HttpURLConnection)>","$r2 = virtualinvoke $r0.<java.net.HttpURLConnection: java.io.InputStream getInputStream()>()","http://opml.radiotime.com/Browse.ashx?orientation=LANDSCAPE&latlon=&device=TABLET&partnerId=xwhZkVKi&provider=ggl&resolution=1280%2C720&mode=car&version=17.1&render=json&serial=b2867c47-b023-469b-b5d3-03a78ddaa45a&con=wifi&c=presets","false","Not found","private","Not found","Not found","platform_180-1=538722314.20480.0000; expires=Thu, 12-Apr-2018 01:19:06 GMT; path=/; Httponly"
"I/System.out(26726): URLConn","16","<com.android.volley.toolbox.HurlStack: org.apache.http.HttpEntity entityFromConnection(java.net.HttpURLConnection)>","$r2 = virtualinvoke $r0.<java.net.HttpURLConnection: java.io.InputStream getInputStream()>()","http://opml.radiotime.com/Report.ashx?c=eventlist&orientation=LANDSCAPE&latlon=&device=TABLET&partnerId=xwhZkVKi&provider=ggl&resolution=1280%2C720&mode=car&version=17.1&render=json&serial=b2867c47-b023-469b-b5d3-03a78ddaa45a&con=wifi","true","Not found","private","Not found","Not found","platform_180-1=538722314.20480.0000; expires=Thu, 12-Apr-2018 01:19:07 GMT; path=/; Httponly"
"I/System.out(26726): URLConn","17","<com.android.volley.toolbox.HurlStack: org.apache.http.HttpEntity entityFromConnection(java.net.HttpURLConnection)>","$r2 = virtualinvoke $r0.<java.net.HttpURLConnection: java.io.InputStream getInputStream()>()","http://opml.radiotime.com/Report.ashx?c=eventlist&orientation=LANDSCAPE&latlon=&device=TABLET&partnerId=xwhZkVKi&provider=ggl&resolution=1280%2C720&mode=car&version=17.1&render=json&serial=b2867c47-b023-469b-b5d3-03a78ddaa45a&con=wifi","true","Not found","private","Not found","Not found","platform_180-1=538722314.20480.0000; expires=Thu, 12-Apr-2018 01:19:07 GMT; path=/; Httponly"
"I/System.out(26726): URLConn","18","<com.android.volley.toolbox.HurlStack: org.apache.http.HttpEntity entityFromConnection(java.net.HttpURLConnection)>","$r2 = virtualinvoke $r0.<java.net.HttpURLConnection: java.io.InputStream getInputStream()>()","http://opml.radiotime.com/Report.ashx?c=eventlist&orientation=LANDSCAPE&latlon=&device=TABLET&partnerId=xwhZkVKi&provider=ggl&resolution=1280%2C720&mode=car&version=17.1&render=json&serial=b2867c47-b023-469b-b5d3-03a78ddaa45a&con=wifi","true","Not found","private","Not found","Not found","platform_180-1=538722314.20480.0000; expires=Thu, 12-Apr-2018 01:19:07 GMT; path=/; Httponly"
"I/System.out(26726): URLConn","19","<com.android.volley.toolbox.HurlStack: org.apache.http.HttpEntity entityFromConnection(java.net.HttpURLConnection)>","$r2 = virtualinvoke $r0.<java.net.HttpURLConnection: java.io.InputStream getInputStream()>()","http://opml.radiotime.com/Browse.ashx?orientation=LANDSCAPE&latlon=&device=TABLET&partnerId=xwhZkVKi&provider=ggl&resolution=1280%2C720&mode=car&version=17.1&render=json&serial=b2867c47-b023-469b-b5d3-03a78ddaa45a&con=wifi&c=best","false","Not found","private","Not found","Not found","platform_180-1=538722314.20480.0000; expires=Thu, 12-Apr-2018 01:19:07 GMT; path=/; Httponly"
"I/System.out(26726): URLConn","20","<com.android.volley.toolbox.HurlStack: org.apache.http.HttpEntity entityFromConnection(java.net.HttpURLConnection)>","$r2 = virtualinvoke $r0.<java.net.HttpURLConnection: java.io.InputStream getInputStream()>()","http://cdn-profiles.tunein.com/s34635/images/logot.png","false","2640","public, max-age=86400","Fri, 13 Apr 2018 01:16:07 GMT","Not found","Not found"
"I/System.out(26726): URLConn","21","<com.android.volley.toolbox.HurlStack: org.apache.http.HttpEntity entityFromConnection(java.net.HttpURLConnection)>","$r2 = virtualinvoke $r0.<java.net.HttpURLConnection: java.io.InputStream getInputStream()>()","http://cdn-radiotime-logos.tunein.com/s35088t.png","false","5896","public, max-age=86400","Fri, 13 Apr 2018 01:16:07 GMT","Not found","Not found"
"I/System.out(26726): URLConn","22","<com.android.volley.toolbox.HurlStack: org.apache.http.HttpEntity entityFromConnection(java.net.HttpURLConnection)>","$r2 = virtualinvoke $r0.<java.net.HttpURLConnection: java.io.InputStream getInputStream()>()","http://cdn-radiotime-logos.tunein.com/s31956t.png","false","6044","public, max-age=86400","Fri, 13 Apr 2018 01:16:07 GMT","Not found","Not found"
"I/System.out(26726): URLConn","23","<com.android.volley.toolbox.HurlStack: org.apache.http.HttpEntity entityFromConnection(java.net.HttpURLConnection)>","$r2 = virtualinvoke $r0.<java.net.HttpURLConnection: java.io.InputStream getInputStream()>()","http://cdn-radiotime-logos.tunein.com/s35148t.png","false","4149","public, max-age=86400","Fri, 13 Apr 2018 01:16:07 GMT","Not found","Not found"
"I/System.out(26726): URLConn","24","<com.android.volley.toolbox.HurlStack: org.apache.http.HttpEntity entityFromConnection(java.net.HttpURLConnection)>","$r2 = virtualinvoke $r0.<java.net.HttpURLConnection: java.io.InputStream getInputStream()>()","http://cdn-radiotime-logos.tunein.com/s28671t.png","false","7000","public, max-age=86400","Fri, 13 Apr 2018 01:16:07 GMT","Not found","Not found"
"I/System.out(26726): URLConn","25","<com.android.volley.toolbox.HurlStack: org.apache.http.HttpEntity entityFromConnection(java.net.HttpURLConnection)>","$r2 = virtualinvoke $r0.<java.net.HttpURLConnection: java.io.InputStream getInputStream()>()","http://cdn-profiles.tunein.com/s20407/images/logot.png?t=1","false","1808","public, max-age=86400","Fri, 13 Apr 2018 01:16:07 GMT","Not found","Not found"
"I/System.out(26726): URLConn","26","<com.android.volley.toolbox.HurlStack: org.apache.http.HttpEntity entityFromConnection(java.net.HttpURLConnection)>","$r2 = virtualinvoke $r0.<java.net.HttpURLConnection: java.io.InputStream getInputStream()>()","http://cdn-profiles.tunein.com/s25876/images/logot.jpg?t=1","false","1756","public, max-age=86400","Fri, 13 Apr 2018 01:16:07 GMT","Not found","Not found"
"I/System.out(26726): URLConn","27","<com.android.volley.toolbox.HurlStack: org.apache.http.HttpEntity entityFromConnection(java.net.HttpURLConnection)>","$r2 = virtualinvoke $r0.<java.net.HttpURLConnection: java.io.InputStream getInputStream()>()","http://opml.radiotime.com/Report.ashx?c=eventlist&orientation=LANDSCAPE&latlon=&device=TABLET&partnerId=xwhZkVKi&provider=ggl&resolution=1280%2C720&mode=car&version=17.1&render=json&serial=b2867c47-b023-469b-b5d3-03a78ddaa45a&con=wifi","true","Not found","private","Not found","Not found","platform_180-1=538722314.20480.0000; expires=Thu, 12-Apr-2018 01:19:08 GMT; path=/; Httponly"
"I/System.out(26726): URLConn","28","<com.android.volley.toolbox.HurlStack: org.apache.http.HttpEntity entityFromConnection(java.net.HttpURLConnection)>","$r2 = virtualinvoke $r0.<java.net.HttpURLConnection: java.io.InputStream getInputStream()>()","http://opml.radiotime.com/Report.ashx?c=eventlist&orientation=LANDSCAPE&latlon=&device=TABLET&partnerId=xwhZkVKi&provider=ggl&resolution=1280%2C720&version=17.1&render=json&serial=b2867c47-b023-469b-b5d3-03a78ddaa45a&con=wifi","true","Not found","private","Not found","Not found","platform_180-1=538722314.20480.0000; expires=Thu, 12-Apr-2018 01:19:09 GMT; path=/; Httponly"
,,,,,,,,,,
package,numRequests,,,,,,,,,,
com.andromo.dev58853.app253616.logs.txt,0,,,,,,,,,,
com.bestringtonesapps.freeringtonesforandroid.logs.txt,43,,,,,,,,,,
com.google.android.music.logs.txt,0,,,,,,,,,,
com.madebyappolis.spinrilla.logs.txt,5,,,,,,,,,,
com.music.hero.music.player.mp3.free.logs.txt,0,,,,,,,,,,
com.pandora.android.logs.txt,2,,,,,,,,,,
com.sirius.logs.txt,9,,,,,,,,,,
com.sofeh.android.musicstudio3.logs.txt,0,,,,,,,,,,
com.spotify.music.logs.txt,33,,,,,,,,,,
my.googlemusic.play.logs.txt,12,,,,,,,,,,
net.andromo.dev58853.app253629.logs.txt,0,,,,,,,,,,
tunein.player.logs.txt,44,,,,,,,,,,
