total apps: 13,,,,,,,,,,
Total number of requests: 84,,,,,,,,,,
Total number of GET requests: 35,,,,,,,,,,
Percentage of GET requests: 41.666666666666664%,,,,,,,,,,
Average number of requests per app: 6.461538461538462,,,,,,,,,,
Average number of GET requests per app: 2.6923076923076925,,,,,,,,,,
Average number of expire requests: 52,,,,,,,,,,
Percentage of expire requests: 61.904761904761905%,,,,,,,,,,
Average number of expire requests per app: 4.0,,,,,,,,,,
Average data length per request: 5424.783333333334,,,,,,,,,,
Exceptions: 0,,,,,,,,,,
,,,,,,,,,,
prefix,id,body,stmt,urlString,isDoOutput,length,cacheControl,expires,age,setCookie,,,
"I/System.out( 2255): URLConn","0","<cmn.s: cmn.s$a b(java.lang.String,byte[],boolean)>","$r18 = virtualinvoke $r7.<java.net.HttpURLConnection: java.io.InputStream getInputStream()>()","http://applift-b.apptornado.com/api/pb?action=ba","true","1606","Not found","Not found","Not found","__cfduid=dea5bfef42846871c116f875a53833f871523643597; expires=Sat, 13-Apr-19 18:19:57 GMT; path=/; domain=.apptornado.com; HttpOnly"
"I/System.out( 2255): URLConn","1","<cmn.s: cmn.s$a b(java.lang.String,byte[],boolean)>","$r18 = virtualinvoke $r7.<java.net.HttpURLConnection: java.io.InputStream getInputStream()>()","https://lh3.googleusercontent.com/wT-K3K4swrrmeRoDaM8pWR8e_1NFSNBzPgo0jv6iX6L6FA71voMtjOIF3VbQtSzzQwdWDM1uc6QxqWDko4TRtg=s96","false","24113","public, max-age=86400, no-transform","Sat, 14 Apr 2018 05:17:09 GMT","593","Not found"
"I/System.out( 2255): URLConn","2","<cmn.s: cmn.s$a b(java.lang.String,byte[],boolean)>","$r18 = virtualinvoke $r7.<java.net.HttpURLConnection: java.io.InputStream getInputStream()>()","http://applift-b.apptornado.com/api/pb?action=ev","true","34","Not found","Not found","Not found","Not found"
"I/System.out( 2668): URLConn","0","<a.a.do: org.json.JSONObject a(java.net.URLConnection)>","$r4 = virtualinvoke $r0.<java.net.URLConnection: java.io.InputStream getInputStream()>()","https://api.crittercism.com/android_v2/handle_app_loads","true","Not found","Not found","Not found","Not found","Not found"
"I/System.out( 2668): URLConn","1","<bn.ereader.app.t: void a()>","$r5 = virtualinvoke $r4.<java.net.URLConnection: java.io.InputStream getInputStream()>()","https://bncs.barnesandnoble.com/bncloud/prefServlet","false","Not found","Not found","Not found","Not found","Not found"
"I/System.out( 3057): URLConn","0","<com.amazon.kindle.webservices.BaseWebRequestExecutor: java.io.InputStream openConnection(com.amazon.kindle.webservices.IWebRequest)>","$r13 = virtualinvoke $r9.<java.net.HttpURLConnection: java.io.InputStream getInputStream()>()","https://www.amazon.com/gp/kindle/kcp/redding/app-config.html?eid=QFtdABgWVFMUBkISX1UfWRceEVxUVxZBBAERVkEUU10%3D&deviceType=A2Y8LFC259B97P&osVersion=19&appVersion=1144782894&model=SM-G9350","false","Not found","Not found","Not found","Not found","session-id=131-7535479-5890600; path=/; domain=.amazon.com; expires=Tue, 01-Jan-2036 08:00:01 GMT"
"I/System.out( 3327): URLConn","0","<com.facebook.Response: java.util.List fromHttpConnection(java.net.HttpURLConnection,com.facebook.RequestBatch)>","$r11 = virtualinvoke $r0.<java.net.HttpURLConnection: java.io.InputStream getInputStream()>()","https://graph.facebook.com/v2.2/5388815661?fields=supports_attribution%2Csupports_implicit_sdk_logging%2Cgdpv4_nux_content%2Cgdpv4_nux_enabled%2Candroid_dialog_configs&format=json&sdk=android","false","Not found","private, no-cache, no-store, must-revalidate","Sat, 01 Jan 2000 00:00:00 GMT","Not found","Not found"
"I/System.out( 3327): URLConn","1","<com.adobe.mobile.RemoteDownload$DownloadFileTask: void run()>","$r20 = virtualinvoke $r14.<java.net.HttpURLConnection: java.io.InputStream getInputStream()>()","https://assets.adobedtm.com/b213090c5204bf94318f4ef0539a38b487d10368/scripts/satellite-5447e3991d3b0397cf00056c.json","false","16","max-age=3600","Fri, 13 Apr 2018 19:21:51 GMT","Not found","Not found"
"I/System.out( 3327): URLConn","2","<com.adobe.mobile.RemoteDownload$DownloadFileTask: void run()>","$r20 = virtualinvoke $r14.<java.net.HttpURLConnection: java.io.InputStream getInputStream()>()","https://assets.adobedtm.com/b213090c5204bf94318f4ef0539a38b487d10368/scripts/satellite-5447e399fe7d11fc1d000643.json","false","25","max-age=3600","Fri, 13 Apr 2018 19:21:51 GMT","Not found","Not found"
"I/System.out( 3327): URLConn","3","<com.adobe.mobile.RequestHandler: boolean sendAnalyticsRequest(java.lang.String,java.lang.String,java.util.Map,int)>","$r15 = virtualinvoke $r6.<java.net.HttpURLConnection: java.io.InputStream getInputStream()>()","http://ancestrycom.sc.omtrdc.net/b/ss/ancestrymobile/0/JAVA-4.2.0-AN/s19614114","true","1","no-cache, no-store, max-age=0, no-transform, private","Thu, 12 Apr 2018 18:21:51 GMT","Not found","Not found"
"I/System.out( 3327): URLConn","4","<com.adobe.mobile.RequestHandler: boolean sendAnalyticsRequest(java.lang.String,java.lang.String,java.util.Map,int)>","$r15 = virtualinvoke $r6.<java.net.HttpURLConnection: java.io.InputStream getInputStream()>()","http://ancestrycom.sc.omtrdc.net/b/ss/ancestrymobile/0/JAVA-4.2.0-AN/s74784423","true","1","no-cache, no-store, max-age=0, no-transform, private","Thu, 12 Apr 2018 18:21:51 GMT","Not found","Not found"
"I/System.out( 3327): URLConn","5","<com.adobe.mobile.RequestHandler: boolean sendAnalyticsRequest(java.lang.String,java.lang.String,java.util.Map,int)>","$r15 = virtualinvoke $r6.<java.net.HttpURLConnection: java.io.InputStream getInputStream()>()","http://ancestrycom.sc.omtrdc.net/b/ss/ancestrymobile/0/JAVA-4.2.0-AN/s61426591","true","1","no-cache, no-store, max-age=0, no-transform, private","Thu, 12 Apr 2018 18:21:51 GMT","Not found","Not found"
"I/System.out( 3327): URLConn","6","<io.fabric.sdk.android.services.network.HttpRequest: java.io.InputStream stream()>","$r2 = virtualinvoke $r3.<java.net.HttpURLConnection: java.io.InputStream getInputStream()>()","https://settings.crashlytics.com/spi/v2/platforms/android/apps/com.ancestry.android.apps.ancestry/settings?instance=4e1df2493c689603053eb0169cd85af0692d0622&source=1&build_version=85&icon_hash=05005d12a7b425f7bd3dfd2f39ff9d14d8a1da02&display_version=4.0.20","false","Not found","Not found","Not found","Not found","Not found"
"I/System.out( 3327): URLConn","7","<com.adobe.mobile.RequestHandler: boolean sendAnalyticsRequest(java.lang.String,java.lang.String,java.util.Map,int)>","$r15 = virtualinvoke $r6.<java.net.HttpURLConnection: java.io.InputStream getInputStream()>()","http://ancestrycom.sc.omtrdc.net/b/ss/ancestrymobile/0/JAVA-4.2.0-AN/s37472882","true","1","no-cache, no-store, max-age=0, no-transform, private","Thu, 12 Apr 2018 18:21:51 GMT","Not found","Not found"
"I/System.out( 3327): URLConn","8","<com.adobe.mobile.RequestHandler: boolean sendAnalyticsRequest(java.lang.String,java.lang.String,java.util.Map,int)>","$r15 = virtualinvoke $r6.<java.net.HttpURLConnection: java.io.InputStream getInputStream()>()","http://ancestrycom.sc.omtrdc.net/b/ss/ancestrymobile/0/JAVA-4.2.0-AN/s7690156","true","1","no-cache, no-store, max-age=0, no-transform, private","Thu, 12 Apr 2018 18:21:51 GMT","Not found","Not found"
"I/System.out( 3327): URLConn","9","<com.adobe.mobile.RequestHandler: boolean sendAnalyticsRequest(java.lang.String,java.lang.String,java.util.Map,int)>","$r15 = virtualinvoke $r6.<java.net.HttpURLConnection: java.io.InputStream getInputStream()>()","http://ancestrycom.sc.omtrdc.net/b/ss/ancestrymobile/0/JAVA-4.2.0-AN/s41560705","true","1","no-cache, no-store, max-age=0, no-transform, private","Thu, 12 Apr 2018 18:21:51 GMT","Not found","Not found"
"I/System.out( 3327): URLConn","10","<com.adobe.mobile.RequestHandler: boolean sendAnalyticsRequest(java.lang.String,java.lang.String,java.util.Map,int)>","$r15 = virtualinvoke $r6.<java.net.HttpURLConnection: java.io.InputStream getInputStream()>()","http://ancestrycom.sc.omtrdc.net/b/ss/ancestrymobile/0/JAVA-4.2.0-AN/s39904365","true","1","no-cache, no-store, max-age=0, no-transform, private","Thu, 12 Apr 2018 18:21:51 GMT","Not found","Not found"
"I/System.out( 3327): URLConn","11","<com.adobe.mobile.RequestHandler: boolean sendAnalyticsRequest(java.lang.String,java.lang.String,java.util.Map,int)>","$r15 = virtualinvoke $r6.<java.net.HttpURLConnection: java.io.InputStream getInputStream()>()","http://ancestrycom.sc.omtrdc.net/b/ss/ancestrymobile/0/JAVA-4.2.0-AN/s13423621","true","1","no-cache, no-store, max-age=0, no-transform, private","Thu, 12 Apr 2018 18:21:51 GMT","Not found","Not found"
"I/System.out( 3327): URLConn","12","<com.adobe.mobile.RequestHandler: boolean sendAnalyticsRequest(java.lang.String,java.lang.String,java.util.Map,int)>","$r15 = virtualinvoke $r6.<java.net.HttpURLConnection: java.io.InputStream getInputStream()>()","http://ancestrycom.sc.omtrdc.net/b/ss/ancestrymobile/0/JAVA-4.2.0-AN/s28077487","true","1","no-cache, no-store, max-age=0, no-transform, private","Thu, 12 Apr 2018 18:21:52 GMT","Not found","Not found"
"I/System.out( 3327): URLConn","13","<com.adobe.mobile.RequestHandler: boolean sendAnalyticsRequest(java.lang.String,java.lang.String,java.util.Map,int)>","$r15 = virtualinvoke $r6.<java.net.HttpURLConnection: java.io.InputStream getInputStream()>()","http://ancestrycom.sc.omtrdc.net/b/ss/ancestrymobile/0/JAVA-4.2.0-AN/s78398482","true","1","no-cache, no-store, max-age=0, no-transform, private","Thu, 12 Apr 2018 18:21:53 GMT","Not found","Not found"
"I/System.out( 3327): URLConn","14","<com.adobe.mobile.RequestHandler: boolean sendAnalyticsRequest(java.lang.String,java.lang.String,java.util.Map,int)>","$r15 = virtualinvoke $r6.<java.net.HttpURLConnection: java.io.InputStream getInputStream()>()","http://ancestrycom.sc.omtrdc.net/b/ss/ancestrymobile/0/JAVA-4.2.0-AN/s61857845","true","1","no-cache, no-store, max-age=0, no-transform, private","Thu, 12 Apr 2018 18:21:53 GMT","Not found","Not found"
"I/System.out( 3327): URLConn","15","<com.adobe.mobile.RequestHandler: boolean sendAnalyticsRequest(java.lang.String,java.lang.String,java.util.Map,int)>","$r15 = virtualinvoke $r6.<java.net.HttpURLConnection: java.io.InputStream getInputStream()>()","http://ancestrycom.sc.omtrdc.net/b/ss/ancestrymobile/0/JAVA-4.2.0-AN/s31937224","true","1","no-cache, no-store, max-age=0, no-transform, private","Thu, 12 Apr 2018 18:21:53 GMT","Not found","Not found"
"I/System.out( 3327): URLConn","16","<com.adobe.mobile.RequestHandler: boolean sendAnalyticsRequest(java.lang.String,java.lang.String,java.util.Map,int)>","$r15 = virtualinvoke $r6.<java.net.HttpURLConnection: java.io.InputStream getInputStream()>()","http://ancestrycom.sc.omtrdc.net/b/ss/ancestrymobile/0/JAVA-4.2.0-AN/s36994741","true","1","no-cache, no-store, max-age=0, no-transform, private","Thu, 12 Apr 2018 18:21:53 GMT","Not found","Not found"
"I/System.out( 3327): URLConn","17","<com.adobe.mobile.RequestHandler: boolean sendAnalyticsRequest(java.lang.String,java.lang.String,java.util.Map,int)>","$r15 = virtualinvoke $r6.<java.net.HttpURLConnection: java.io.InputStream getInputStream()>()","http://ancestrycom.sc.omtrdc.net/b/ss/ancestrymobile/0/JAVA-4.2.0-AN/s8956101","true","1","no-cache, no-store, max-age=0, no-transform, private","Thu, 12 Apr 2018 18:21:53 GMT","Not found","Not found"
"I/System.out( 3327): URLConn","18","<com.adobe.mobile.RequestHandler: boolean sendAnalyticsRequest(java.lang.String,java.lang.String,java.util.Map,int)>","$r15 = virtualinvoke $r6.<java.net.HttpURLConnection: java.io.InputStream getInputStream()>()","http://ancestrycom.sc.omtrdc.net/b/ss/ancestrymobile/0/JAVA-4.2.0-AN/s66597946","true","1","no-cache, no-store, max-age=0, no-transform, private","Thu, 12 Apr 2018 18:21:53 GMT","Not found","Not found"
"I/System.out( 3327): URLConn","19","<com.adobe.mobile.RequestHandler: boolean sendAnalyticsRequest(java.lang.String,java.lang.String,java.util.Map,int)>","$r15 = virtualinvoke $r6.<java.net.HttpURLConnection: java.io.InputStream getInputStream()>()","http://ancestrycom.sc.omtrdc.net/b/ss/ancestrymobile/0/JAVA-4.2.0-AN/s37535775","true","1","no-cache, no-store, max-age=0, no-transform, private","Thu, 12 Apr 2018 18:21:54 GMT","Not found","Not found"
"I/System.out( 3327): URLConn","20","<com.adobe.mobile.RequestHandler: boolean sendAnalyticsRequest(java.lang.String,java.lang.String,java.util.Map,int)>","$r15 = virtualinvoke $r6.<java.net.HttpURLConnection: java.io.InputStream getInputStream()>()","http://ancestrycom.sc.omtrdc.net/b/ss/ancestrymobile/0/JAVA-4.2.0-AN/s76874125","true","1","no-cache, no-store, max-age=0, no-transform, private","Thu, 12 Apr 2018 18:21:54 GMT","Not found","Not found"
"I/System.out( 3327): URLConn","21","<com.adobe.mobile.RequestHandler: boolean sendAnalyticsRequest(java.lang.String,java.lang.String,java.util.Map,int)>","$r15 = virtualinvoke $r6.<java.net.HttpURLConnection: java.io.InputStream getInputStream()>()","http://ancestrycom.sc.omtrdc.net/b/ss/ancestrymobile/0/JAVA-4.2.0-AN/s65633861","true","1","no-cache, no-store, max-age=0, no-transform, private","Thu, 12 Apr 2018 18:21:54 GMT","Not found","Not found"
"I/System.out( 3327): URLConn","22","<com.adobe.mobile.RequestHandler: boolean sendAnalyticsRequest(java.lang.String,java.lang.String,java.util.Map,int)>","$r15 = virtualinvoke $r6.<java.net.HttpURLConnection: java.io.InputStream getInputStream()>()","http://ancestrycom.sc.omtrdc.net/b/ss/ancestrymobile/0/JAVA-4.2.0-AN/s25718542","true","1","no-cache, no-store, max-age=0, no-transform, private","Thu, 12 Apr 2018 18:21:55 GMT","Not found","Not found"
"I/System.out( 3327): URLConn","23","<com.adobe.mobile.RequestHandler: boolean sendAnalyticsRequest(java.lang.String,java.lang.String,java.util.Map,int)>","$r15 = virtualinvoke $r6.<java.net.HttpURLConnection: java.io.InputStream getInputStream()>()","http://ancestrycom.sc.omtrdc.net/b/ss/ancestrymobile/0/JAVA-4.2.0-AN/s63035667","true","1","no-cache, no-store, max-age=0, no-transform, private","Thu, 12 Apr 2018 18:21:55 GMT","Not found","Not found"
"I/System.out( 3327): URLConn","24","<com.adobe.mobile.RequestHandler: boolean sendAnalyticsRequest(java.lang.String,java.lang.String,java.util.Map,int)>","$r15 = virtualinvoke $r6.<java.net.HttpURLConnection: java.io.InputStream getInputStream()>()","http://ancestrycom.sc.omtrdc.net/b/ss/ancestrymobile/0/JAVA-4.2.0-AN/s82367444","true","1","no-cache, no-store, max-age=0, no-transform, private","Thu, 12 Apr 2018 18:21:55 GMT","Not found","Not found"
"I/System.out( 3327): URLConn","25","<com.adobe.mobile.RequestHandler: boolean sendAnalyticsRequest(java.lang.String,java.lang.String,java.util.Map,int)>","$r15 = virtualinvoke $r6.<java.net.HttpURLConnection: java.io.InputStream getInputStream()>()","http://ancestrycom.sc.omtrdc.net/b/ss/ancestrymobile/0/JAVA-4.2.0-AN/s70968228","true","1","no-cache, no-store, max-age=0, no-transform, private","Thu, 12 Apr 2018 18:21:55 GMT","Not found","Not found"
"I/System.out( 3327): URLConn","26","<com.adobe.mobile.RequestHandler: boolean sendAnalyticsRequest(java.lang.String,java.lang.String,java.util.Map,int)>","$r15 = virtualinvoke $r6.<java.net.HttpURLConnection: java.io.InputStream getInputStream()>()","http://ancestrycom.sc.omtrdc.net/b/ss/ancestrymobile/0/JAVA-4.2.0-AN/s20596669","true","1","no-cache, no-store, max-age=0, no-transform, private","Thu, 12 Apr 2018 18:21:56 GMT","Not found","Not found"
"I/System.out( 3327): URLConn","27","<com.adobe.mobile.RequestHandler: boolean sendAnalyticsRequest(java.lang.String,java.lang.String,java.util.Map,int)>","$r15 = virtualinvoke $r6.<java.net.HttpURLConnection: java.io.InputStream getInputStream()>()","http://ancestrycom.sc.omtrdc.net/b/ss/ancestrymobile/0/JAVA-4.2.0-AN/s96855976","true","1","no-cache, no-store, max-age=0, no-transform, private","Thu, 12 Apr 2018 18:21:56 GMT","Not found","Not found"
"I/System.out( 3327): URLConn","28","<com.adobe.mobile.RequestHandler: boolean sendAnalyticsRequest(java.lang.String,java.lang.String,java.util.Map,int)>","$r15 = virtualinvoke $r6.<java.net.HttpURLConnection: java.io.InputStream getInputStream()>()","http://ancestrycom.sc.omtrdc.net/b/ss/ancestrymobile/0/JAVA-4.2.0-AN/s47596818","true","1","no-cache, no-store, max-age=0, no-transform, private","Thu, 12 Apr 2018 18:21:56 GMT","Not found","Not found"
"I/System.out( 3327): URLConn","29","<com.adobe.mobile.RequestHandler: boolean sendAnalyticsRequest(java.lang.String,java.lang.String,java.util.Map,int)>","$r15 = virtualinvoke $r6.<java.net.HttpURLConnection: java.io.InputStream getInputStream()>()","http://ancestrycom.sc.omtrdc.net/b/ss/ancestrymobile/0/JAVA-4.2.0-AN/s53329017","true","1","no-cache, no-store, max-age=0, no-transform, private","Thu, 12 Apr 2018 18:21:56 GMT","Not found","Not found"
"I/System.out( 3327): URLConn","30","<com.adobe.mobile.RequestHandler: boolean sendAnalyticsRequest(java.lang.String,java.lang.String,java.util.Map,int)>","$r15 = virtualinvoke $r6.<java.net.HttpURLConnection: java.io.InputStream getInputStream()>()","http://ancestrycom.sc.omtrdc.net/b/ss/ancestrymobile/0/JAVA-4.2.0-AN/s9174885","true","1","no-cache, no-store, max-age=0, no-transform, private","Thu, 12 Apr 2018 18:21:57 GMT","Not found","Not found"
"I/System.out( 3327): URLConn","31","<com.adobe.mobile.RequestHandler: boolean sendAnalyticsRequest(java.lang.String,java.lang.String,java.util.Map,int)>","$r15 = virtualinvoke $r6.<java.net.HttpURLConnection: java.io.InputStream getInputStream()>()","http://ancestrycom.sc.omtrdc.net/b/ss/ancestrymobile/0/JAVA-4.2.0-AN/s17770456","true","1","no-cache, no-store, max-age=0, no-transform, private","Thu, 12 Apr 2018 18:21:57 GMT","Not found","Not found"
"I/System.out( 3327): URLConn","32","<com.adobe.mobile.RequestHandler: boolean sendAnalyticsRequest(java.lang.String,java.lang.String,java.util.Map,int)>","$r15 = virtualinvoke $r6.<java.net.HttpURLConnection: java.io.InputStream getInputStream()>()","http://ancestrycom.sc.omtrdc.net/b/ss/ancestrymobile/0/JAVA-4.2.0-AN/s16913487","true","1","no-cache, no-store, max-age=0, no-transform, private","Thu, 12 Apr 2018 18:21:57 GMT","Not found","Not found"
"I/System.out( 3327): URLConn","33","<com.adobe.mobile.RequestHandler: boolean sendAnalyticsRequest(java.lang.String,java.lang.String,java.util.Map,int)>","$r15 = virtualinvoke $r6.<java.net.HttpURLConnection: java.io.InputStream getInputStream()>()","http://ancestrycom.sc.omtrdc.net/b/ss/ancestrymobile/0/JAVA-4.2.0-AN/s23601023","true","1","no-cache, no-store, max-age=0, no-transform, private","Thu, 12 Apr 2018 18:21:57 GMT","Not found","Not found"
"I/System.out( 3327): URLConn","34","<com.adobe.mobile.RequestHandler: boolean sendAnalyticsRequest(java.lang.String,java.lang.String,java.util.Map,int)>","$r15 = virtualinvoke $r6.<java.net.HttpURLConnection: java.io.InputStream getInputStream()>()","http://ancestrycom.sc.omtrdc.net/b/ss/ancestrymobile/0/JAVA-4.2.0-AN/s36044539","true","1","no-cache, no-store, max-age=0, no-transform, private","Thu, 12 Apr 2018 18:21:58 GMT","Not found","Not found"
"I/System.out( 3327): URLConn","35","<com.adobe.mobile.RequestHandler: boolean sendAnalyticsRequest(java.lang.String,java.lang.String,java.util.Map,int)>","$r15 = virtualinvoke $r6.<java.net.HttpURLConnection: java.io.InputStream getInputStream()>()","http://ancestrycom.sc.omtrdc.net/b/ss/ancestrymobile/0/JAVA-4.2.0-AN/s67511647","true","1","no-cache, no-store, max-age=0, no-transform, private","Thu, 12 Apr 2018 18:21:58 GMT","Not found","Not found"
"I/System.out( 3327): URLConn","36","<com.adobe.mobile.RequestHandler: boolean sendAnalyticsRequest(java.lang.String,java.lang.String,java.util.Map,int)>","$r15 = virtualinvoke $r6.<java.net.HttpURLConnection: java.io.InputStream getInputStream()>()","http://ancestrycom.sc.omtrdc.net/b/ss/ancestrymobile/0/JAVA-4.2.0-AN/s76170904","true","1","no-cache, no-store, max-age=0, no-transform, private","Thu, 12 Apr 2018 18:21:59 GMT","Not found","Not found"
"I/System.out( 3327): URLConn","37","<com.adobe.mobile.RequestHandler: boolean sendAnalyticsRequest(java.lang.String,java.lang.String,java.util.Map,int)>","$r15 = virtualinvoke $r6.<java.net.HttpURLConnection: java.io.InputStream getInputStream()>()","http://ancestrycom.sc.omtrdc.net/b/ss/ancestrymobile/0/JAVA-4.2.0-AN/s50100898","true","1","no-cache, no-store, max-age=0, no-transform, private","Thu, 12 Apr 2018 18:21:59 GMT","Not found","Not found"
"I/System.out( 3327): URLConn","38","<com.adobe.mobile.RequestHandler: boolean sendAnalyticsRequest(java.lang.String,java.lang.String,java.util.Map,int)>","$r15 = virtualinvoke $r6.<java.net.HttpURLConnection: java.io.InputStream getInputStream()>()","http://ancestrycom.sc.omtrdc.net/b/ss/ancestrymobile/0/JAVA-4.2.0-AN/s62891937","true","1","no-cache, no-store, max-age=0, no-transform, private","Thu, 12 Apr 2018 18:21:59 GMT","Not found","Not found"
"I/System.out( 3327): URLConn","39","<com.adobe.mobile.RequestHandler: boolean sendAnalyticsRequest(java.lang.String,java.lang.String,java.util.Map,int)>","$r15 = virtualinvoke $r6.<java.net.HttpURLConnection: java.io.InputStream getInputStream()>()","http://ancestrycom.sc.omtrdc.net/b/ss/ancestrymobile/0/JAVA-4.2.0-AN/s40144537","true","1","no-cache, no-store, max-age=0, no-transform, private","Thu, 12 Apr 2018 18:21:59 GMT","Not found","Not found"
"I/System.out( 4329): URLConn","0","<com.dictionary.parsers.FetchApiResponse: java.io.InputStream getInputStreamFromApi(java.lang.String)>","$r10 = virtualinvoke $r9.<java.net.HttpURLConnection: java.io.InputStream getInputStream()>()","http://www.dictionary.com/e/tag/article/feed/","false","121519","Not found","Not found","Not found","mseg=51; expires=Mon, 10-Apr-2028 18:24:27 GMT; path=/; domain=.dictionary.com"
"I/System.out( 4329): URLConn","1","<com.dictionary.parsers.FetchApiResponse: java.io.InputStream getInputStreamFromApi(java.lang.String)>","$r10 = virtualinvoke $r9.<java.net.HttpURLConnection: java.io.InputStream getInputStream()>()","http://restcdn.dictionary.com/v2/wordoftheday.xml?api_key=I6SnT6uSpyaarEn&year=2018&month=4&day=13&future=7&hotlinks=on&deviceid=bd8ee73adfaa96abe9fc2e522870f03de0e6565f&platform=android&app_id=dcomAndroidFreeV522","false","8639","Not found","Not found","Not found","Not found"
"I/System.out( 4329): URLConn","2","<com.google.android.gms.internal.zzqk: java.io.InputStream zzc(java.net.HttpURLConnection)>","$r2 = virtualinvoke $r1.<java.net.HttpURLConnection: java.io.InputStream getInputStream()>()","https://www.googletagmanager.com/r?id=GTM-PGHHH6&v=a65833898","false","Not found","private, max-age=900","Fri, 13 Apr 2018 18:24:42 GMT","Not found","Not found"
"I/System.out( 4329): URLConn","3","<com.nostra13.universalimageloader.core.download.BaseImageDownloader: java.io.InputStream getStreamFromNetwork(java.lang.String,java.lang.Object)>","$r5 = virtualinvoke $r3.<java.net.HttpURLConnection: java.io.InputStream getInputStream()>()","http://static.sfdict.com/static/wotd/tiles/20180413_tub-thump.png","false","94236","max-age=31536000","Not found","Not found","Not found"
"I/System.out( 4329): URLConn","4","<io.fabric.sdk.android.services.network.HttpRequest: java.io.InputStream stream()>","$r2 = virtualinvoke $r3.<java.net.HttpURLConnection: java.io.InputStream getInputStream()>()","https://settings.crashlytics.com/spi/v2/platforms/android/apps/com.dictionary/settings?instance=113c20eed5bb4002c07812650abcd2aa9eecfe5a&source=1&build_version=88&icon_hash=00ce3bc57ae467fbb9319a8fa918a6bc70d78972&display_version=5.2.2","false","Not found","Not found","Not found","Not found","Not found"
"I/System.out( 4329): URLConn","5","<com.localytics.android.BaseUploadThread: boolean upload(com.localytics.android.BaseUploadThread$UploadType,java.lang.String,java.lang.String,int,boolean)>","$r33 = virtualinvoke $r20.<java.net.HttpURLConnection: java.io.InputStream getInputStream()>()","https://profile.localytics.com/v1/apps/a19be692ade9968a9e3d9f6-a8b8d16c-0f40-11e5-9efa-00739d24cb30/profiles/5c534cbe-95a3-4df3-a604-0c7d99ef158a","true","258","Not found","Not found","Not found","Not found"
"I/System.out( 4329): URLConn","6","<com.localytics.android.BaseUploadThread: boolean upload(com.localytics.android.BaseUploadThread$UploadType,java.lang.String,java.lang.String,int,boolean)>","$r33 = virtualinvoke $r20.<java.net.HttpURLConnection: java.io.InputStream getInputStream()>()","https://analytics.localytics.com/api/v2/uploads","true","0","no-cache, no-store, max-age=0","Not found","Not found","Not found"
"I/System.out( 4329): URLConn","7","<com.localytics.android.BaseUploadThread: boolean upload(com.localytics.android.BaseUploadThread$UploadType,java.lang.String,java.lang.String,int,boolean)>","$r33 = virtualinvoke $r20.<java.net.HttpURLConnection: java.io.InputStream getInputStream()>()","https://analytics.localytics.com/api/v2/applications/a19be692ade9968a9e3d9f6-a8b8d16c-0f40-11e5-9efa-00739d24cb30/amp","false","0","no-cache, no-store, max-age=0","Not found","Not found","Not found"
"I/System.out( 4329): URLConn","8","<com.localytics.android.BaseUploadThread: boolean upload(com.localytics.android.BaseUploadThread$UploadType,java.lang.String,java.lang.String,int,boolean)>","$r33 = virtualinvoke $r20.<java.net.HttpURLConnection: java.io.InputStream getInputStream()>()","https://analytics.localytics.com/api/v2/uploads","true","0","no-cache, no-store, max-age=0","Not found","Not found","Not found"
"I/System.out( 4329): URLConn","9","<com.nostra13.universalimageloader.core.download.BaseImageDownloader: java.io.InputStream getStreamFromNetwork(java.lang.String,java.lang.Object)>","$r5 = virtualinvoke $r3.<java.net.HttpURLConnection: java.io.InputStream getInputStream()>()","http://static.sfdict.com/sizedimage/sizedimage?width=160&height=110&url=http://static.sfdict.com/assets/2029-3056181-28.jpg","false","Not found","max-age=418336","Wed, 18 Apr 2018 14:37:00 GMT","Not found","Not found"
"I/System.out( 4329): URLConn","10","<com.dictionary.parsers.FetchApiResponse: java.io.InputStream getInputStreamFromApi(java.lang.String)>","$r10 = virtualinvoke $r9.<java.net.HttpURLConnection: java.io.InputStream getInputStream()>()","http://restcdn.dictionary.com/v2/wordoftheday.xml?api_key=I6SnT6uSpyaarEn&year=2018&month=04&day=13&past=31&hotlinks=on&deviceid=bd8ee73adfaa96abe9fc2e522870f03de0e6565f&platform=android&app_id=dcomAndroidFreeV522","false","29197","Not found","Not found","Not found","Not found"
"I/System.out( 4329): URLConn","11","<com.nostra13.universalimageloader.core.download.BaseImageDownloader: java.io.InputStream getStreamFromNetwork(java.lang.String,java.lang.Object)>","$r5 = virtualinvoke $r3.<java.net.HttpURLConnection: java.io.InputStream getInputStream()>()","http://static.sfdict.com/sizedimage/sizedimage?width=160&height=110&url=http://static.sfdict.com/assets/7089-5296431-163.jpg","false","Not found","max-age=2157062","Tue, 08 May 2018 17:35:52 GMT","Not found","Not found"
"I/System.out( 4329): URLConn","12","<com.localytics.android.BaseUploadThread: boolean upload(com.localytics.android.BaseUploadThread$UploadType,java.lang.String,java.lang.String,int,boolean)>","$r33 = virtualinvoke $r20.<java.net.HttpURLConnection: java.io.InputStream getInputStream()>()","https://analytics.localytics.com/api/v2/uploads","true","0","no-cache, no-store, max-age=0","Not found","Not found","Not found"
"I/System.out( 4329): URLConn","13","<com.localytics.android.BaseUploadThread: boolean upload(com.localytics.android.BaseUploadThread$UploadType,java.lang.String,java.lang.String,int,boolean)>","$r33 = virtualinvoke $r20.<java.net.HttpURLConnection: java.io.InputStream getInputStream()>()","https://analytics.localytics.com/api/v2/uploads","true","0","no-cache, no-store, max-age=0","Not found","Not found","Not found"
"I/System.out( 4329): URLConn","14","<com.nostra13.universalimageloader.core.download.BaseImageDownloader: java.io.InputStream getStreamFromNetwork(java.lang.String,java.lang.Object)>","$r5 = virtualinvoke $r3.<java.net.HttpURLConnection: java.io.InputStream getInputStream()>()","http://static.sfdict.com/sizedimage/sizedimage?width=160&height=110&url=http://static.sfdict.com/assets/7176-5024646-367.jpg","false","Not found","max-age=1615459","Wed, 02 May 2018 11:09:20 GMT","Not found","Not found"
"I/System.out( 4329): URLConn","15","<com.nostra13.universalimageloader.core.download.BaseImageDownloader: java.io.InputStream getStreamFromNetwork(java.lang.String,java.lang.Object)>","$r5 = virtualinvoke $r3.<java.net.HttpURLConnection: java.io.InputStream getInputStream()>()","http://static.sfdict.com/sizedimage/sizedimage?width=160&height=110&url=http://static.sfdict.com/assets/7219-3160646-367.jpg","false","Not found","max-age=1932813","Sun, 06 May 2018 03:18:34 GMT","Not found","Not found"
"I/System.out( 4329): URLConn","16","<com.nostra13.universalimageloader.core.download.BaseImageDownloader: java.io.InputStream getStreamFromNetwork(java.lang.String,java.lang.Object)>","$r5 = virtualinvoke $r3.<java.net.HttpURLConnection: java.io.InputStream getInputStream()>()","http://static.sfdict.com/sizedimage/sizedimage?width=160&height=110&url=http://static.sfdict.com/assets/7293-6689743-378.jpg","false","Not found","max-age=1275181","Sat, 28 Apr 2018 12:38:02 GMT","Not found","Not found"
"I/System.out( 4329): URLConn","17","<com.nostra13.universalimageloader.core.download.BaseImageDownloader: java.io.InputStream getStreamFromNetwork(java.lang.String,java.lang.Object)>","$r5 = virtualinvoke $r3.<java.net.HttpURLConnection: java.io.InputStream getInputStream()>()","http://static.sfdict.com/sizedimage/sizedimage?width=160&height=110&url=http://static.sfdict.com/assets/7279-8427434-367.jpg","false","Not found","max-age=1800419","Fri, 04 May 2018 14:32:00 GMT","Not found","Not found"
"I/System.out( 4329): URLConn","18","<com.nostra13.universalimageloader.core.download.BaseImageDownloader: java.io.InputStream getStreamFromNetwork(java.lang.String,java.lang.Object)>","$r5 = virtualinvoke $r3.<java.net.HttpURLConnection: java.io.InputStream getInputStream()>()","http://static.sfdict.com/sizedimage/sizedimage?width=160&height=110&url=http://static.sfdict.com/assets/7238-3429305-511.jpg","false","Not found","max-age=2022365","Mon, 07 May 2018 04:11:06 GMT","Not found","Not found"
"I/System.out( 4329): URLConn","19","<com.nostra13.universalimageloader.core.download.BaseImageDownloader: java.io.InputStream getStreamFromNetwork(java.lang.String,java.lang.Object)>","$r5 = virtualinvoke $r3.<java.net.HttpURLConnection: java.io.InputStream getInputStream()>()","http://static.sfdict.com/sizedimage/sizedimage?width=160&height=110&url=http://static.sfdict.com/assets/7278-5488588-366.jpg","false","Not found","max-age=2388092","Fri, 11 May 2018 09:46:33 GMT","Not found","Not found"
"I/System.out( 4329): URLConn","20","<com.nostra13.universalimageloader.core.download.BaseImageDownloader: java.io.InputStream getStreamFromNetwork(java.lang.String,java.lang.Object)>","$r5 = virtualinvoke $r3.<java.net.HttpURLConnection: java.io.InputStream getInputStream()>()","http://static.sfdict.com/sizedimage/sizedimage?width=160&height=110&url=http://static.sfdict.com/assets/7277-4536078-367.jpg","false","Not found","max-age=2577442","Sun, 13 May 2018 14:22:24 GMT","Not found","Not found"
"I/System.out( 4329): URLConn","21","<com.localytics.android.BaseUploadThread: boolean upload(com.localytics.android.BaseUploadThread$UploadType,java.lang.String,java.lang.String,int,boolean)>","$r33 = virtualinvoke $r20.<java.net.HttpURLConnection: java.io.InputStream getInputStream()>()","https://analytics.localytics.com/api/v2/uploads","true","0","no-cache, no-store, max-age=0","Not found","Not found","Not found"
"I/System.out( 4329): URLConn","22","<com.localytics.android.BaseUploadThread: boolean upload(com.localytics.android.BaseUploadThread$UploadType,java.lang.String,java.lang.String,int,boolean)>","$r33 = virtualinvoke $r20.<java.net.HttpURLConnection: java.io.InputStream getInputStream()>()","https://analytics.localytics.com/api/v2/uploads","true","0","no-cache, no-store, max-age=0","Not found","Not found","Not found"
"I/System.out( 4329): URLConn","23","<com.localytics.android.BaseUploadThread: boolean upload(com.localytics.android.BaseUploadThread$UploadType,java.lang.String,java.lang.String,int,boolean)>","$r33 = virtualinvoke $r20.<java.net.HttpURLConnection: java.io.InputStream getInputStream()>()","https://analytics.localytics.com/api/v2/uploads","true","0","no-cache, no-store, max-age=0","Not found","Not found","Not found"
"I/System.out( 5496): URLConn","0","<com.flurry.sdk.kp: void r()>","$r23 = virtualinvoke $r4.<java.net.HttpURLConnection: java.io.InputStream getInputStream()>()","https://data.flurry.com/aap.do","true","Not found","Not found","Not found","0","Not found"
"I/System.out( 5496): URLConn","1","<com.merriamwebster.dictionary.widget.TaboolaRecommendation$LoadRecommendationTask: com.merriamwebster.dictionary.widget.TaboolaRecommendation$RecommendationModel doInBackground(java.lang.Object[])>","$r15 = virtualinvoke $r14.<java.net.HttpURLConnection: java.io.InputStream getInputStream()>()","http://api.taboola.com/1.1/json/merriamwebster-androidapp/recommendations.get?app.type=mobile&app.apikey=7707597a5acaf13aab27c61ebeb1bc3a3212c395&rec.count=1&source.type=home&source.id=http://www.merriam-webster.com/&user.session=init&source.url=http://www.merriam-webster.com/&rec.type=mix&rec.thumbnail.width=252&rec.thumbnail.height=189&rec.visible=false&source.placement=app-homepage-Android-tablet&user.referrer=mw-app-android","false","Not found","Not found","Thu, 01 Jan 1970 00:00:00 GMT","Not found","t_vpub=CAETCPqQPxABFA;Path=/;Domain=.taboola.com;Expires=Sat, 13-Apr-2019 18:26:01 GMT"
"I/System.out( 5496): URLConn","2","<com.squareup.picasso.UrlConnectionDownloader: com.squareup.picasso.Downloader$Response load(android.net.Uri,int)>","$r10 = virtualinvoke $r3.<java.net.HttpURLConnection: java.io.InputStream getInputStream()>()","http://images.taboola.com/taboola/image/fetch/f_jpg%2Cq_auto%2Ch_189%2Cw_252%2Cc_fill%2Cg_faces:auto%2Ce_sharpen/http%3A%2F%2Fgleaned-images.stuff.com%2Fsignals-test%2F97dddf9c2b04c316a573351d6e422d85415780e0b399ccc45b025a3d","false","15230","public, max-age=2592000","Not found","0","Not found"
"I/System.out( 5496): URLConn","3","<a.a.a.a.a.e.d: java.io.InputStream e()>","$r2 = virtualinvoke $r1.<java.net.HttpURLConnection: java.io.InputStream getInputStream()>()","https://settings.crashlytics.com/spi/v2/platforms/android/apps/com.merriamwebster/settings?instance=87602cbfa2b08a36748c7f0d7548ade4d406137e&source=1&build_version=72&icon_hash=8c7d038289cf1cfcaf9793bfa9b8b7b2dd66eadc&display_version=3.1.6","false","Not found","Not found","Not found","Not found","Not found"
"I/System.out( 5496): URLConn","4","<com.merriamwebster.dictionary.widget.TaboolaRecommendation$LoadRecommendationTask: com.merriamwebster.dictionary.widget.TaboolaRecommendation$RecommendationModel doInBackground(java.lang.Object[])>","$r15 = virtualinvoke $r14.<java.net.HttpURLConnection: java.io.InputStream getInputStream()>()","http://api.taboola.com/1.1/json/merriamwebster-androidapp/recommendations.get?app.type=mobile&app.apikey=7707597a5acaf13aab27c61ebeb1bc3a3212c395&rec.count=1&source.type=home&source.id=http://www.merriam-webster.com/&user.session=init&source.url=http://www.merriam-webster.com/&rec.type=mix&rec.thumbnail.width=252&rec.thumbnail.height=189&rec.visible=false&source.placement=app-homepage-Android-tablet&user.referrer=mw-app-android","false","Not found","Not found","Thu, 01 Jan 1970 00:00:00 GMT","Not found","t_vpub=CAETCPqQPxABFA;Path=/;Domain=.taboola.com;Expires=Sat, 13-Apr-2019 18:26:07 GMT"
"I/System.out( 5496): URLConn","5","<com.squareup.picasso.UrlConnectionDownloader: com.squareup.picasso.Downloader$Response load(android.net.Uri,int)>","$r10 = virtualinvoke $r3.<java.net.HttpURLConnection: java.io.InputStream getInputStream()>()","http://images.taboola.com/taboola/image/fetch/f_jpg%2Cq_auto%2Ch_189%2Cw_252%2Cc_fill%2Cg_faces:auto%2Ce_sharpen/http%3A%2F%2Fcdn.taboola.com%2Fstatic%2F01%2F017e5f70-47a5-4ec9-ba45-c6ce1f6e382e.jpg","false","30327","public, max-age=2592000","Not found","0","Not found"
"I/System.out( 5796): URLConn","0","<io.fabric.sdk.android.services.network.HttpRequest: java.io.InputStream stream()>","$r2 = virtualinvoke $r3.<java.net.HttpURLConnection: java.io.InputStream getInputStream()>()","https://settings.crashlytics.com/spi/v2/platforms/android/apps/com.spreadsong.freebooks/settings?instance=5a8474f96363541e53566382c91dc57c2446286b&source=1&build_version=48&icon_hash=df27d68fdf9609dbfb2ba939a904d5760168d8e8&display_version=1.3.11G","false","Not found","Not found","Not found","Not found","Not found"
"I/System.out( 6280): URLConn","0","<io.fabric.sdk.android.services.network.HttpRequest: java.io.InputStream stream()>","$r2 = virtualinvoke $r3.<java.net.HttpURLConnection: java.io.InputStream getInputStream()>()","https://settings.crashlytics.com/spi/v2/platforms/android/apps/daily.bible.for.woman/settings?instance=5dadbb831f6dfe5145ec0f839bb1e195f44e54ef&source=1&build_version=103&icon_hash=660f18c040a614d79e4849099ac17a82069a98e6&display_version=1.0.3","false","Not found","Not found","Not found","Not found","Not found"
"I/System.out( 6611): URLConn","0","<org.familysearch.mobile.data.FSHttpClient: java.lang.String getResponseBody(java.net.HttpURLConnection)>","$r3 = virtualinvoke $r0.<java.net.HttpURLConnection: java.io.InputStream getInputStream()>()","https://familysearch.org/mobile-services/version-info/android/tree?version=1.8.6&os=4.4.2&sdk=19&manufacturer=samsung&model=SM-G9350","false","251","Not found","Not found","Not found","Not found"
"I/System.out( 6611): URLConn","1","<io.fabric.sdk.android.services.network.HttpRequest: java.io.InputStream stream()>","$r2 = virtualinvoke $r3.<java.net.HttpURLConnection: java.io.InputStream getInputStream()>()","https://settings.crashlytics.com/spi/v2/platforms/android/apps/org.familysearch.mobile/settings?instance=7a4f5b43eb41170fb8b6ce2ba0db7dd6d1c34964&source=1&build_version=10806&icon_hash=1f8bb14af5e61671c1f833f095683a71a792ae82&display_version=1.8.6","false","Not found","Not found","Not found","Not found","Not found"
"I/System.out( 6611): URLConn","2","<com.localytics.android.BaseUploadThread: boolean upload(com.localytics.android.BaseUploadThread$UploadType,java.lang.String,java.lang.String,int,boolean)>","$r33 = virtualinvoke $r20.<java.net.HttpURLConnection: java.io.InputStream getInputStream()>()","https://analytics.localytics.com/api/v2/applications/5f46e89c8acc119bc0e0ec3-7629426c-7f05-11e3-9861-009c5fda0a25/amp","false","0","no-cache, no-store, max-age=0","Not found","Not found","Not found"
"I/System.out( 6611): URLConn","3","<com.localytics.android.BaseUploadThread: boolean upload(com.localytics.android.BaseUploadThread$UploadType,java.lang.String,java.lang.String,int,boolean)>","$r33 = virtualinvoke $r20.<java.net.HttpURLConnection: java.io.InputStream getInputStream()>()","https://analytics.localytics.com/api/v2/applications/5f46e89c8acc119bc0e0ec3-7629426c-7f05-11e3-9861-009c5fda0a25/uploads","true","0","no-cache, no-store, max-age=0","Not found","Not found","Not found"
"I/System.out( 6611): URLConn","4","<com.localytics.android.BaseUploadThread: boolean upload(com.localytics.android.BaseUploadThread$UploadType,java.lang.String,java.lang.String,int,boolean)>","$r33 = virtualinvoke $r20.<java.net.HttpURLConnection: java.io.InputStream getInputStream()>()","https://manifest.localytics.com/api/v4/applications/5f46e89c8acc119bc0e0ec3-7629426c-7f05-11e3-9861-009c5fda0a25","false","0","Not found","Not found","Not found","Not found"
"I/System.out( 6778): URLConn","0","<io.fabric.sdk.android.services.network.HttpRequest: java.io.InputStream stream()>","$r2 = virtualinvoke $r3.<java.net.HttpURLConnection: java.io.InputStream getInputStream()>()","https://settings.crashlytics.com/spi/v2/platforms/android/apps/org.jw.jwlibrary.mobile/settings?instance=640e3d133dab2d475828b16a48d561cd3e9fc054&source=1&build_version=14017&icon_hash=b56f51da0d52ec36e814315ae149d94d8bff3b92&display_version=1.6.1","false","Not found","Not found","Not found","Not found","Not found"
,,,,,,,,,,
package,numRequests,,,,,,,,,,
an.SpanishTranslate.logs.txt,3,,,,,,,,,,
bn.ereader.logs.txt,2,,,,,,,,,,
com.amazon.kindle.logs.txt,1,,,,,,,,,,
com.ancestry.android.apps.ancestry.logs.txt,40,,,,,,,,,,
com.audible.application.logs.txt,0,,,,,,,,,,
com.csnmedia.android.bg.logs.txt,0,,,,,,,,,,
com.dictionary.logs.txt,24,,,,,,,,,,
com.google.android.stardroid.logs.txt,0,,,,,,,,,,
com.merriamwebster.logs.txt,6,,,,,,,,,,
com.spreadsong.freebooks.logs.txt,1,,,,,,,,,,
daily.bible.for.woman.logs.txt,1,,,,,,,,,,
org.familysearch.mobile.logs.txt,5,,,,,,,,,,
org.jw.jwlibrary.mobile.logs.txt,1,,,,,,,,,,
